Ticker,Date,Open,High,Low,Close,Volume,AdjClose,Dividend,Split
DRI,07/01/2005,33.0,33.05,32.75,33.03,754000.0,24.58,0.0,1.0
DRI,07/05/2005,32.82,33.05,32.75,32.82,843000.0,24.42,0.0,1.0
DRI,07/06/2005,32.35,32.39,31.74,31.76,1959200.0,23.64,0.0,1.0
DRI,07/07/2005,31.42,31.8,31.3,31.79,1458800.0,23.66,0.0,1.0
DRI,07/08/2005,31.79,32.09,31.58,32.08,1075000.0,23.87,0.0,1.0
DRI,07/11/2005,31.98,32.5,31.83,32.49,1461800.0,24.18,0.0,1.0
DRI,07/12/2005,33.92,33.94,33.33,33.74,3110600.0,25.11,0.0,1.0
DRI,07/13/2005,33.76,33.95,33.5,33.73,1903700.0,25.1,0.0,1.0
DRI,07/14/2005,33.75,34.0,33.57,33.69,1188300.0,25.07,0.0,1.0
DRI,07/15/2005,33.69,34.3,33.56,34.1,1593000.0,25.38,0.0,1.0
DRI,07/18/2005,34.04,34.05,33.67,33.87,1048400.0,25.21,0.0,1.0
DRI,07/19/2005,34.0,34.13,33.61,33.99,892600.0,25.29,0.0,1.0
DRI,07/20/2005,33.83,34.19,33.72,34.18,843500.0,25.44,0.0,1.0
DRI,07/21/2005,34.15,34.3,33.7,34.06,941000.0,25.35,0.0,1.0
DRI,07/22/2005,34.03,34.49,33.97,34.47,699700.0,25.65,0.0,1.0
DRI,07/25/2005,34.5,34.63,34.14,34.33,1091700.0,25.55,0.0,1.0
DRI,07/26/2005,34.32,34.77,34.24,34.7,771100.0,25.82,0.0,1.0
DRI,07/27/2005,34.7,34.71,33.94,34.17,1105900.0,25.43,0.0,1.0
DRI,07/28/2005,34.13,34.56,34.0,34.51,995200.0,25.68,0.0,1.0
DRI,07/29/2005,34.51,34.85,34.25,34.7,953200.0,25.82,0.0,1.0
DRI,08/01/2005,34.69,34.97,34.6,34.81,727400.0,25.91,0.0,1.0
DRI,08/02/2005,34.81,34.98,34.38,34.68,1259800.0,25.81,0.0,1.0
DRI,08/03/2005,34.58,34.58,34.24,34.35,521800.0,25.56,0.0,1.0
DRI,08/04/2005,34.35,34.6,34.11,34.46,823300.0,25.64,0.0,1.0
DRI,08/05/2005,34.18,34.19,32.93,33.09,1332700.0,24.63,0.0,1.0
DRI,08/08/2005,33.1,33.29,32.7,32.75,1404200.0,24.37,0.0,1.0
DRI,08/09/2005,32.88,33.02,32.76,33.01,1421000.0,24.57,0.0,1.0
DRI,08/10/2005,33.22,33.54,33.1,33.23,991900.0,24.73,0.0,1.0
DRI,08/11/2005,33.36,33.8,33.26,33.78,1031200.0,25.14,0.0,1.0
DRI,08/12/2005,33.53,33.6,33.2,33.51,988100.0,24.94,0.0,1.0
DRI,08/15/2005,33.6,33.86,33.5,33.66,965300.0,25.05,0.0,1.0
DRI,08/16/2005,33.7,33.73,32.19,32.24,1998700.0,23.99,0.0,1.0
DRI,08/17/2005,32.2,32.58,32.18,32.3,1269000.0,24.04,0.0,1.0
DRI,08/18/2005,32.34,32.52,32.03,32.42,1323300.0,24.13,0.0,1.0
DRI,08/19/2005,32.6,32.74,32.34,32.42,1017700.0,24.13,0.0,1.0
DRI,08/22/2005,32.42,32.55,32.03,32.26,1165600.0,24.01,0.0,1.0
DRI,08/23/2005,32.18,32.61,32.13,32.42,962500.0,24.13,0.0,1.0
DRI,08/24/2005,32.3,32.31,30.68,30.92,2649700.0,23.01,0.0,1.0
DRI,08/25/2005,30.92,31.75,30.15,31.5,2802700.0,23.44,0.0,1.0
DRI,08/26/2005,31.5,31.68,31.01,31.59,1557600.0,23.51,0.0,1.0
DRI,08/29/2005,31.34,31.68,31.16,31.5,1112500.0,23.44,0.0,1.0
DRI,08/30/2005,31.37,31.38,30.4,30.61,1845200.0,22.78,0.0,1.0
DRI,08/31/2005,30.65,31.45,30.6,31.41,2167900.0,23.37,0.0,1.0
DRI,09/01/2005,31.41,31.41,29.65,30.08,2519200.0,22.39,0.0,1.0
DRI,09/02/2005,29.83,30.07,29.41,29.88,2261300.0,22.24,0.0,1.0
DRI,09/06/2005,30.0,30.74,29.85,30.65,1922500.0,22.81,0.0,1.0
DRI,09/07/2005,30.85,31.63,30.77,31.41,1723800.0,23.37,0.0,1.0
DRI,09/08/2005,31.3,31.4,31.0,31.28,687900.0,23.28,0.0,1.0
DRI,09/09/2005,31.3,31.71,31.16,31.62,1058300.0,23.53,0.0,1.0
DRI,09/12/2005,31.52,31.65,31.25,31.38,822500.0,23.35,0.0,1.0
DRI,09/13/2005,31.0,31.01,30.75,30.75,1216600.0,22.88,0.0,1.0
DRI,09/14/2005,30.82,30.83,30.0,30.02,1229600.0,22.34,0.0,1.0
DRI,09/15/2005,30.15,30.24,29.85,30.14,1547700.0,22.43,0.0,1.0
DRI,09/16/2005,30.31,30.84,30.29,30.65,1617400.0,22.81,0.0,1.0
DRI,09/19/2005,30.45,30.45,30.03,30.33,975200.0,22.57,0.0,1.0
DRI,09/20/2005,30.29,30.35,29.11,29.31,1558000.0,21.81,0.0,1.0
DRI,09/21/2005,29.25,29.25,28.18,28.8,1950600.0,21.43,0.0,1.0
DRI,09/22/2005,28.8,29.33,28.18,29.07,1870700.0,21.63,0.0,1.0
DRI,09/23/2005,31.2,31.48,29.58,29.72,3859500.0,22.12,0.0,1.0
DRI,09/26/2005,30.3,30.66,29.89,30.57,2195800.0,22.75,0.0,1.0
DRI,09/27/2005,30.58,30.8,30.18,30.35,1221000.0,22.59,0.0,1.0
DRI,09/28/2005,30.44,30.58,29.53,29.55,1553200.0,21.99,0.0,1.0
DRI,09/29/2005,29.47,29.66,28.87,29.53,1194400.0,21.98,0.0,1.0
DRI,09/30/2005,29.53,30.4,29.3,30.37,1366600.0,22.6,0.0,1.0
DRI,10/03/2005,30.17,30.52,29.99,30.29,1227200.0,22.54,0.0,1.0
DRI,10/04/2005,30.35,30.56,29.74,29.93,1241700.0,22.27,0.0,1.0
DRI,10/05/2005,29.72,30.43,29.5,29.9,1257000.0,22.4,0.2,1.0
DRI,10/06/2005,29.91,30.22,29.48,29.69,1114300.0,22.24,0.0,1.0
DRI,10/07/2005,29.65,30.17,29.56,29.84,924800.0,22.36,0.0,1.0
DRI,10/10/2005,29.84,30.33,29.82,30.25,1087700.0,22.66,0.0,1.0
DRI,10/11/2005,30.49,30.67,30.17,30.24,1269000.0,22.65,0.0,1.0
DRI,10/12/2005,30.23,30.77,29.9,29.95,1232700.0,22.44,0.0,1.0
DRI,10/13/2005,29.8,30.45,29.58,30.37,1503700.0,22.75,0.0,1.0
DRI,10/14/2005,30.39,31.08,30.23,31.01,1531000.0,23.23,0.0,1.0
DRI,10/17/2005,30.89,30.89,30.04,30.45,1014200.0,22.81,0.0,1.0
DRI,10/18/2005,30.45,30.58,29.89,30.21,1065700.0,22.63,0.0,1.0
DRI,10/19/2005,30.21,31.12,29.95,30.97,1114100.0,23.2,0.0,1.0
DRI,10/20/2005,30.93,31.49,30.72,30.96,1211600.0,23.19,0.0,1.0
DRI,10/21/2005,31.11,31.5,30.71,31.19,1416900.0,23.37,0.0,1.0
DRI,10/24/2005,31.42,32.23,31.42,32.05,1285100.0,24.01,0.0,1.0
DRI,10/25/2005,32.08,32.69,31.38,31.86,1344000.0,23.87,0.0,1.0
DRI,10/26/2005,31.86,31.97,31.18,31.34,826200.0,23.48,0.0,1.0
DRI,10/27/2005,31.25,31.33,30.51,30.51,878500.0,22.86,0.0,1.0
DRI,10/28/2005,30.55,31.9,30.55,31.88,1169200.0,23.88,0.0,1.0
DRI,10/31/2005,32.0,32.87,32.0,32.42,1164000.0,24.29,0.0,1.0
DRI,11/01/2005,32.35,32.43,32.0,32.02,990300.0,23.99,0.0,1.0
DRI,11/02/2005,32.02,32.62,32.0,32.55,649200.0,24.39,0.0,1.0
DRI,11/03/2005,32.72,33.16,32.53,32.76,902700.0,24.54,0.0,1.0
DRI,11/04/2005,33.55,34.6,33.37,34.47,2079300.0,25.82,0.0,1.0
DRI,11/07/2005,34.46,34.9,34.24,34.55,1391800.0,25.88,0.0,1.0
DRI,11/08/2005,34.75,34.75,33.66,33.91,1437200.0,25.4,0.0,1.0
DRI,11/09/2005,34.02,34.28,33.81,34.18,785400.0,25.61,0.0,1.0
DRI,11/10/2005,34.15,34.42,33.83,34.32,920200.0,25.71,0.0,1.0
DRI,11/11/2005,34.3,34.32,33.68,34.08,619400.0,25.53,0.0,1.0
DRI,11/14/2005,34.23,34.82,34.1,34.36,941700.0,25.74,0.0,1.0
DRI,11/15/2005,34.24,34.33,33.84,34.26,858500.0,25.67,0.0,1.0
DRI,11/16/2005,34.26,34.6,33.76,34.04,706400.0,25.5,0.0,1.0
DRI,11/17/2005,34.24,34.6,34.16,34.53,540000.0,25.87,0.0,1.0
DRI,11/18/2005,34.78,35.43,34.45,35.35,1191600.0,26.48,0.0,1.0
DRI,11/21/2005,35.27,35.82,34.95,35.27,1672500.0,26.42,0.0,1.0
DRI,11/22/2005,35.08,36.14,35.08,35.99,1120900.0,26.96,0.0,1.0
DRI,11/23/2005,35.82,36.14,35.81,36.08,753100.0,27.03,0.0,1.0
DRI,11/25/2005,36.09,36.14,35.9,36.09,216900.0,27.04,0.0,1.0
DRI,11/28/2005,36.01,36.29,35.71,35.71,667200.0,26.75,0.0,1.0
DRI,11/29/2005,35.84,36.18,35.84,36.01,827500.0,26.98,0.0,1.0
DRI,11/30/2005,36.06,36.24,35.77,35.78,1165800.0,26.81,0.0,1.0
DRI,12/01/2005,35.9,36.3,30.9,36.27,934100.0,27.17,0.0,1.0
DRI,12/02/2005,36.27,36.74,36.21,36.56,740000.0,27.39,0.0,1.0
DRI,12/05/2005,36.35,36.85,36.27,36.28,1104200.0,27.18,0.0,1.0
DRI,12/06/2005,36.37,36.82,36.27,36.3,1170700.0,27.19,0.0,1.0
DRI,12/07/2005,36.3,36.57,35.91,35.96,1324400.0,26.94,0.0,1.0
DRI,12/08/2005,35.89,35.89,34.92,34.92,2223800.0,26.16,0.0,1.0
DRI,12/09/2005,34.95,35.2,34.75,34.98,1316400.0,26.21,0.0,1.0
DRI,12/12/2005,35.3,35.39,34.9,35.02,864100.0,26.24,0.0,1.0
DRI,12/13/2005,34.1,34.68,33.84,33.92,2082100.0,25.41,0.0,1.0
DRI,12/14/2005,33.86,34.86,33.8,34.62,1051600.0,25.94,0.0,1.0
DRI,12/15/2005,34.6,35.17,34.47,34.8,1207800.0,26.07,0.0,1.0
DRI,12/16/2005,36.6,39.53,36.54,38.81,5107500.0,29.07,0.0,1.0
DRI,12/19/2005,38.35,38.75,38.01,38.21,1733900.0,28.63,0.0,1.0
DRI,12/20/2005,38.02,38.55,37.92,38.32,1408000.0,28.71,0.0,1.0
DRI,12/21/2005,38.62,38.99,37.92,38.19,1278500.0,28.61,0.0,1.0
DRI,12/22/2005,38.31,38.49,38.08,38.41,850100.0,28.78,0.0,1.0
DRI,12/23/2005,38.5,38.81,38.34,38.55,636100.0,28.88,0.0,1.0
DRI,12/27/2005,38.79,38.9,38.07,38.25,751900.0,28.66,0.0,1.0
DRI,12/28/2005,38.36,38.9,38.36,38.83,894700.0,29.09,0.0,1.0
DRI,12/29/2005,38.94,39.41,38.83,39.14,895100.0,29.32,0.0,1.0
DRI,12/30/2005,38.89,39.06,38.7,38.88,937200.0,29.13,0.0,1.0
DRI,01/03/2006,39.45,39.45,37.99,38.49,3129100.0,28.84,0.0,1.0
DRI,01/04/2006,38.7,39.21,38.7,39.14,1370100.0,29.32,0.0,1.0
DRI,01/05/2006,39.28,39.35,37.92,38.2,2235800.0,28.62,0.0,1.0
DRI,01/06/2006,39.4,40.46,39.4,40.4,3126900.0,30.27,0.0,1.0
DRI,01/09/2006,40.03,41.19,39.9,40.93,1878000.0,30.66,0.0,1.0
DRI,01/10/2006,40.0,40.49,39.86,39.98,1763600.0,29.95,0.0,1.0
DRI,01/11/2006,39.99,40.2,39.74,40.03,1661200.0,29.99,0.0,1.0
DRI,01/12/2006,40.02,40.59,39.95,40.25,1462800.0,30.15,0.0,1.0
DRI,01/13/2006,40.17,40.65,40.09,40.46,884200.0,30.31,0.0,1.0
DRI,01/17/2006,40.23,40.27,39.25,39.42,1215600.0,29.53,0.0,1.0
DRI,01/18/2006,39.17,39.75,38.99,39.23,1203800.0,29.39,0.0,1.0
DRI,01/19/2006,39.65,39.92,39.39,39.6,1044300.0,29.67,0.0,1.0
DRI,01/20/2006,39.38,39.55,38.84,38.87,1238800.0,29.12,0.0,1.0
DRI,01/23/2006,39.0,39.23,38.7,38.99,752200.0,29.21,0.0,1.0
DRI,01/24/2006,39.26,39.79,39.0,39.73,1341500.0,29.76,0.0,1.0
DRI,01/25/2006,40.23,40.91,39.88,40.61,1498800.0,30.42,0.0,1.0
DRI,01/26/2006,40.9,41.0,40.22,40.52,1015900.0,30.36,0.0,1.0
DRI,01/27/2006,40.52,41.09,40.25,41.03,738300.0,30.74,0.0,1.0
DRI,01/30/2006,41.0,41.29,40.69,40.69,843400.0,30.48,0.0,1.0
DRI,01/31/2006,40.82,41.04,40.66,40.66,1021200.0,30.46,0.0,1.0
DRI,02/01/2006,40.38,40.85,40.3,40.59,870000.0,30.41,0.0,1.0
DRI,02/02/2006,40.7,41.45,40.51,41.11,1125400.0,30.8,0.0,1.0
DRI,02/03/2006,41.15,41.48,40.63,41.34,2041500.0,30.97,0.0,1.0
DRI,02/06/2006,41.25,41.28,40.73,41.14,941300.0,30.82,0.0,1.0
DRI,02/07/2006,41.0,41.65,41.0,41.21,1236500.0,30.87,0.0,1.0
DRI,02/08/2006,41.33,42.05,41.3,41.94,1566400.0,31.42,0.0,1.0
DRI,02/09/2006,41.94,42.2,41.75,41.87,1000600.0,31.37,0.0,1.0
DRI,02/10/2006,41.98,42.15,41.78,41.98,1188500.0,31.45,0.0,1.0
DRI,02/13/2006,41.74,41.87,41.19,41.47,991600.0,31.07,0.0,1.0
DRI,02/14/2006,41.44,41.6,41.14,41.3,1077600.0,30.94,0.0,1.0
DRI,02/15/2006,40.9,41.49,40.83,41.4,1532600.0,31.02,0.0,1.0
DRI,02/16/2006,41.4,42.15,41.13,42.0,1141700.0,31.46,0.0,1.0
DRI,02/17/2006,41.94,41.95,41.39,41.44,561500.0,31.05,0.0,1.0
DRI,02/21/2006,41.21,41.93,41.18,41.73,1398700.0,31.26,0.0,1.0
DRI,02/22/2006,41.73,42.4,41.66,42.21,819900.0,31.62,0.0,1.0
DRI,02/23/2006,42.46,42.57,42.29,42.48,1461200.0,31.82,0.0,1.0
DRI,02/24/2006,42.48,42.8,42.33,42.75,1392100.0,32.03,0.0,1.0
DRI,02/27/2006,42.75,42.94,42.64,42.64,699900.0,31.94,0.0,1.0
DRI,02/28/2006,42.45,42.7,41.94,41.94,808100.0,31.42,0.0,1.0
DRI,03/01/2006,41.95,42.01,41.62,41.82,1204600.0,31.33,0.0,1.0
DRI,03/02/2006,41.57,41.59,41.18,41.39,1094400.0,31.01,0.0,1.0
DRI,03/03/2006,41.11,41.97,41.11,41.64,920100.0,31.2,0.0,1.0
DRI,03/06/2006,41.8,41.8,41.05,41.27,624800.0,30.92,0.0,1.0
DRI,03/07/2006,41.27,41.27,40.0,40.14,1412900.0,30.07,0.0,1.0
DRI,03/08/2006,40.05,40.52,39.69,40.43,1129000.0,30.29,0.0,1.0
DRI,03/09/2006,40.49,41.13,40.46,40.99,1188000.0,30.71,0.0,1.0
DRI,03/10/2006,40.87,41.05,40.38,40.83,1087000.0,30.59,0.0,1.0
DRI,03/13/2006,40.98,41.28,40.67,40.81,487900.0,30.57,0.0,1.0
DRI,03/14/2006,40.7,40.9,40.33,40.9,832100.0,30.64,0.0,1.0
DRI,03/15/2006,40.9,41.08,40.68,41.07,803100.0,30.77,0.0,1.0
DRI,03/16/2006,41.2,41.28,40.76,41.21,1091600.0,30.87,0.0,1.0
DRI,03/17/2006,41.43,41.47,40.83,41.21,972000.0,30.87,0.0,1.0
DRI,03/20/2006,41.22,41.22,40.81,41.1,890900.0,30.79,0.0,1.0
DRI,03/21/2006,41.15,41.31,40.87,41.29,1309700.0,30.93,0.0,1.0
DRI,03/22/2006,40.99,41.14,40.26,41.12,2678700.0,30.81,0.0,1.0
DRI,03/23/2006,41.15,41.47,41.09,41.44,970300.0,31.05,0.0,1.0
DRI,03/24/2006,41.8,41.92,41.49,41.58,1122700.0,31.15,0.0,1.0
DRI,03/27/2006,41.51,41.56,40.96,41.1,825100.0,30.79,0.0,1.0
DRI,03/28/2006,41.02,41.23,40.68,40.82,804000.0,30.58,0.0,1.0
DRI,03/29/2006,40.82,41.44,40.66,41.35,811700.0,30.98,0.0,1.0
DRI,03/30/2006,41.38,41.48,40.79,41.01,855900.0,30.72,0.0,1.0
DRI,03/31/2006,40.96,41.25,40.94,41.03,833100.0,30.74,0.0,1.0
DRI,04/03/2006,41.03,41.23,40.66,40.75,855900.0,30.53,0.0,1.0
DRI,04/04/2006,40.8,40.99,40.32,40.68,1442900.0,30.48,0.0,1.0
DRI,04/05/2006,40.65,40.7,40.22,40.32,807900.0,30.21,0.0,1.0
DRI,04/06/2006,40.3,40.49,39.81,40.44,993100.0,30.45,0.2,1.0
DRI,04/07/2006,40.44,40.9,39.97,40.31,913300.0,30.35,0.0,1.0
DRI,04/10/2006,40.27,40.28,39.61,39.71,2079500.0,29.9,0.0,1.0
DRI,04/11/2006,39.56,39.64,39.06,39.25,1873200.0,29.55,0.0,1.0
DRI,04/12/2006,39.25,39.29,38.84,39.17,1298800.0,29.49,0.0,1.0
DRI,04/13/2006,39.24,39.7,39.11,39.61,1222800.0,29.82,0.0,1.0
DRI,04/17/2006,39.55,39.57,39.05,39.16,825000.0,29.48,0.0,1.0
DRI,04/18/2006,39.16,39.77,38.3,39.71,2067600.0,29.9,0.0,1.0
DRI,04/19/2006,39.85,39.97,39.04,39.1,1503200.0,29.44,0.0,1.0
DRI,04/20/2006,39.21,41.03,39.04,40.73,2316800.0,30.66,0.0,1.0
DRI,04/21/2006,40.62,41.31,40.43,40.68,1771000.0,30.63,0.0,1.0
DRI,04/24/2006,40.68,40.74,40.29,40.61,848400.0,30.57,0.0,1.0
DRI,04/25/2006,40.61,40.67,40.04,40.21,1146900.0,30.27,0.0,1.0
DRI,04/26/2006,40.22,40.23,39.28,39.32,1487300.0,29.6,0.0,1.0
DRI,04/27/2006,39.32,40.14,39.25,39.92,1078800.0,30.05,0.0,1.0
DRI,04/28/2006,39.85,40.01,39.55,39.6,1244000.0,29.81,0.0,1.0
DRI,05/01/2006,39.6,39.61,38.84,38.96,1917800.0,29.33,0.0,1.0
DRI,05/02/2006,38.96,38.97,38.35,38.66,1395700.0,29.11,0.0,1.0
DRI,05/03/2006,39.0,39.27,38.87,39.17,1540300.0,29.49,0.0,1.0
DRI,05/04/2006,39.21,39.71,39.19,39.31,972200.0,29.6,0.0,1.0
DRI,05/05/2006,39.31,39.46,38.8,39.09,1621300.0,29.43,0.0,1.0
DRI,05/08/2006,38.8,39.36,37.9,39.22,2206100.0,29.53,0.0,1.0
DRI,05/09/2006,39.12,39.17,38.4,38.52,1189000.0,29.0,0.0,1.0
DRI,05/10/2006,38.45,38.71,37.09,38.61,2412500.0,29.07,0.0,1.0
DRI,05/11/2006,38.3,38.38,37.36,37.69,1409200.0,28.38,0.0,1.0
DRI,05/12/2006,37.59,37.69,36.66,36.81,2090800.0,27.71,0.0,1.0
DRI,05/15/2006,36.83,37.46,36.62,37.39,1502000.0,28.15,0.0,1.0
DRI,05/16/2006,37.44,37.6,37.12,37.34,1269600.0,28.11,0.0,1.0
DRI,05/17/2006,37.09,37.34,36.35,36.38,1437800.0,27.39,0.0,1.0
DRI,05/18/2006,36.47,37.13,36.43,36.61,1234400.0,27.56,0.0,1.0
DRI,05/19/2006,36.75,36.9,36.21,36.25,1790500.0,27.29,0.0,1.0
DRI,05/22/2006,35.6,36.92,35.54,36.76,1813300.0,27.68,0.0,1.0
DRI,05/23/2006,36.93,36.99,35.64,35.7,1745800.0,26.88,0.0,1.0
DRI,05/24/2006,35.64,36.14,35.01,35.53,1934400.0,26.75,0.0,1.0
DRI,05/25/2006,37.1,37.1,35.98,36.34,2199900.0,27.36,0.0,1.0
DRI,05/26/2006,36.59,36.67,36.42,36.51,905000.0,27.49,0.0,1.0
DRI,05/30/2006,36.52,36.52,36.0,36.13,749100.0,27.2,0.0,1.0
DRI,05/31/2006,36.13,36.13,35.11,35.41,2462300.0,26.66,0.0,1.0
DRI,06/01/2006,35.41,35.56,35.24,35.41,1728300.0,26.66,0.0,1.0
DRI,06/02/2006,35.46,35.93,35.08,35.51,1462100.0,26.73,0.0,1.0
DRI,06/05/2006,35.52,35.63,35.2,35.21,2063200.0,26.51,0.0,1.0
DRI,06/06/2006,35.26,35.47,34.89,35.27,1091400.0,26.55,0.0,1.0
DRI,06/07/2006,35.27,35.73,34.98,35.2,1440500.0,26.5,0.0,1.0
DRI,06/08/2006,35.23,35.6,34.85,35.53,1671800.0,26.75,0.0,1.0
DRI,06/09/2006,35.63,36.31,35.62,35.75,1207900.0,26.92,0.0,1.0
DRI,06/12/2006,35.4,35.95,34.71,34.9,1241000.0,26.28,0.0,1.0
DRI,06/13/2006,34.81,34.96,33.91,34.07,1509800.0,25.65,0.0,1.0
DRI,06/14/2006,34.0,35.14,33.85,35.12,1592500.0,26.44,0.0,1.0
DRI,06/15/2006,35.18,36.43,35.18,36.31,1261400.0,27.34,0.0,1.0
DRI,06/16/2006,36.25,36.47,35.71,36.05,1241600.0,27.14,0.0,1.0
DRI,06/19/2006,36.05,36.26,35.52,35.66,976800.0,26.85,0.0,1.0
DRI,06/20/2006,35.67,36.25,35.15,35.56,1635000.0,26.77,0.0,1.0
DRI,06/21/2006,36.75,37.96,36.75,37.3,4284600.0,28.08,0.0,1.0
DRI,06/22/2006,37.3,37.99,37.03,37.52,2365500.0,28.25,0.0,1.0
DRI,06/23/2006,37.46,37.53,37.06,37.15,1240800.0,27.97,0.0,1.0
DRI,06/26/2006,37.1,37.43,37.05,37.14,944900.0,27.96,0.0,1.0
DRI,06/27/2006,37.04,37.35,36.84,37.2,1250400.0,28.01,0.0,1.0
DRI,06/28/2006,37.26,37.41,36.14,36.9,1541300.0,27.78,0.0,1.0
DRI,06/29/2006,37.25,38.78,37.1,38.69,2171000.0,29.13,0.0,1.0
DRI,06/30/2006,38.69,39.5,38.69,39.4,1897900.0,29.66,0.0,1.0
DRI,07/03/2006,39.4,39.55,38.93,39.27,673300.0,29.57,0.0,1.0
DRI,07/05/2006,39.05,39.08,38.7,39.05,1167400.0,29.4,0.0,1.0
DRI,07/06/2006,39.05,39.6,38.95,39.19,984000.0,29.5,0.0,1.0
DRI,07/07/2006,39.03,39.03,37.88,37.94,1762200.0,28.56,0.0,1.0
DRI,07/10/2006,38.2,38.76,38.07,38.41,1287000.0,28.92,0.0,1.0
DRI,07/11/2006,37.91,37.92,36.59,37.19,3408900.0,28.0,0.0,1.0
DRI,07/12/2006,37.2,37.2,35.38,35.99,3256400.0,27.1,0.0,1.0
DRI,07/13/2006,35.94,35.95,35.07,35.23,2307200.0,26.52,0.0,1.0
DRI,07/14/2006,35.25,35.43,34.5,34.68,1557700.0,26.11,0.0,1.0
DRI,07/17/2006,34.75,34.8,34.36,34.62,1585200.0,26.06,0.0,1.0
DRI,07/18/2006,34.77,34.93,33.92,34.39,2189900.0,25.89,0.0,1.0
DRI,07/19/2006,34.46,35.75,34.1,35.24,2172300.0,26.53,0.0,1.0
DRI,07/20/2006,35.15,35.39,34.08,34.08,1746200.0,25.66,0.0,1.0
DRI,07/21/2006,34.09,34.09,33.25,33.29,1891700.0,25.06,0.0,1.0
DRI,07/24/2006,33.54,34.61,33.48,34.21,1895300.0,25.76,0.0,1.0
DRI,07/25/2006,34.12,35.07,34.12,34.53,2027400.0,26.0,0.0,1.0
DRI,07/26/2006,34.54,34.95,34.1,34.54,1771900.0,26.0,0.0,1.0
DRI,07/27/2006,34.56,34.56,33.27,33.35,2088500.0,25.11,0.0,1.0
DRI,07/28/2006,33.36,34.11,33.3,33.85,1052200.0,25.48,0.0,1.0
DRI,07/31/2006,33.8,34.13,33.46,33.8,806300.0,25.45,0.0,1.0
DRI,08/01/2006,33.63,33.82,33.17,33.46,1352400.0,25.19,0.0,1.0
DRI,08/02/2006,33.65,34.75,33.65,34.5,1473900.0,25.97,0.0,1.0
DRI,08/03/2006,33.65,35.02,32.91,34.9,1721700.0,26.28,0.0,1.0
DRI,08/04/2006,35.5,37.75,35.09,35.21,3764000.0,26.51,0.0,1.0
DRI,08/07/2006,35.4,35.5,34.55,34.99,1481900.0,26.34,0.0,1.0
DRI,08/08/2006,35.11,35.18,34.33,34.41,977000.0,25.91,0.0,1.0
DRI,08/09/2006,34.77,34.83,33.71,33.86,1514200.0,25.49,0.0,1.0
DRI,08/10/2006,33.82,34.25,33.51,34.07,1679800.0,25.65,0.0,1.0
DRI,08/11/2006,34.08,34.45,33.89,34.38,773300.0,25.88,0.0,1.0
DRI,08/14/2006,34.79,35.05,34.23,34.32,1129400.0,25.84,0.0,1.0
DRI,08/15/2006,34.65,35.43,34.5,35.24,896900.0,26.53,0.0,1.0
DRI,08/16/2006,35.31,36.41,35.22,36.39,1155400.0,27.4,0.0,1.0
DRI,08/17/2006,36.39,37.06,36.04,36.62,1108700.0,27.57,0.0,1.0
DRI,08/18/2006,36.73,37.0,36.16,37.0,964000.0,27.86,0.0,1.0
DRI,08/21/2006,36.95,36.96,35.92,36.22,882100.0,27.27,0.0,1.0
DRI,08/22/2006,36.08,36.3,35.83,35.9,896300.0,27.03,0.0,1.0
DRI,08/23/2006,35.7,36.03,34.83,34.95,1273000.0,26.31,0.0,1.0
DRI,08/24/2006,34.99,35.4,34.61,35.22,1072500.0,26.52,0.0,1.0
DRI,08/25/2006,34.94,35.28,34.57,34.65,874800.0,26.09,0.0,1.0
DRI,08/28/2006,34.65,35.43,34.64,35.24,637100.0,26.53,0.0,1.0
DRI,08/29/2006,35.6,36.16,35.48,35.93,1480900.0,27.05,0.0,1.0
DRI,08/30/2006,36.05,36.12,35.5,35.54,1335000.0,26.76,0.0,1.0
DRI,08/31/2006,35.54,35.84,35.4,35.4,956000.0,26.65,0.0,1.0
DRI,09/01/2006,35.6,36.36,35.55,35.96,834300.0,27.07,0.0,1.0
DRI,09/05/2006,36.17,36.24,35.84,36.07,1303100.0,27.16,0.0,1.0
DRI,09/06/2006,35.92,36.22,35.75,35.98,1255900.0,27.09,0.0,1.0
DRI,09/07/2006,35.9,35.9,35.18,35.4,1128600.0,26.65,0.0,1.0
DRI,09/08/2006,35.46,36.59,35.25,36.47,1077700.0,27.46,0.0,1.0
DRI,09/11/2006,36.35,37.94,36.35,37.81,2187800.0,28.47,0.0,1.0
DRI,09/12/2006,37.95,39.56,37.81,39.17,2112800.0,29.49,0.0,1.0
DRI,09/13/2006,39.18,39.26,38.73,39.14,2141000.0,29.47,0.0,1.0
DRI,09/14/2006,38.7,39.26,38.54,38.96,1481500.0,29.33,0.0,1.0
DRI,09/15/2006,39.03,39.18,38.5,38.78,2809000.0,29.2,0.0,1.0
DRI,09/18/2006,38.78,38.78,37.92,38.07,1852200.0,28.66,0.0,1.0
DRI,09/19/2006,38.3,38.9,37.83,38.86,1914400.0,29.26,0.0,1.0
DRI,09/20/2006,40.16,41.76,40.15,41.5,5354600.0,31.24,0.0,1.0
DRI,09/21/2006,42.0,43.4,41.78,42.75,3843000.0,32.19,0.0,1.0
DRI,09/22/2006,42.5,42.59,41.92,42.38,1916000.0,31.91,0.0,1.0
DRI,09/25/2006,42.5,43.1,41.89,43.1,1760400.0,32.45,0.0,1.0
DRI,09/26/2006,42.95,43.29,42.73,43.11,1719800.0,32.46,0.0,1.0
DRI,09/27/2006,43.0,43.45,42.72,42.77,2283300.0,32.2,0.0,1.0
DRI,09/28/2006,42.85,43.38,42.74,43.1,1797500.0,32.45,0.0,1.0
DRI,09/29/2006,42.96,43.4,42.37,42.47,1444600.0,31.97,0.0,1.0
DRI,10/02/2006,42.47,43.27,41.98,42.55,1224200.0,32.03,0.0,1.0
DRI,10/03/2006,42.62,43.49,42.56,43.32,1849100.0,32.61,0.0,1.0
DRI,10/04/2006,43.4,44.22,43.34,43.96,1834300.0,33.1,0.0,1.0
DRI,10/05/2006,44.15,44.43,43.89,44.09,1167700.0,33.37,0.23,1.0
DRI,10/06/2006,44.09,44.25,43.59,43.81,1391000.0,33.16,0.0,1.0
DRI,10/09/2006,43.9,44.12,43.47,44.01,1521100.0,33.31,0.0,1.0
DRI,10/10/2006,43.85,43.94,43.16,43.56,1673400.0,32.97,0.0,1.0
DRI,10/11/2006,43.56,43.56,42.77,42.89,1228400.0,32.46,0.0,1.0
DRI,10/12/2006,43.13,43.95,43.08,43.82,1408600.0,33.16,0.0,1.0
DRI,10/13/2006,43.6,43.94,43.35,43.54,1240800.0,32.95,0.0,1.0
DRI,10/16/2006,43.37,43.37,42.8,43.25,1354000.0,32.73,0.0,1.0
DRI,10/17/2006,43.05,43.05,42.08,42.48,1293700.0,32.15,0.0,1.0
DRI,10/18/2006,42.64,43.15,41.64,42.11,1717000.0,31.87,0.0,1.0
DRI,10/19/2006,42.09,42.1,41.36,41.49,1166000.0,31.4,0.0,1.0
DRI,10/20/2006,41.65,41.74,40.96,41.57,1093000.0,31.46,0.0,1.0
DRI,10/23/2006,41.37,41.68,41.18,41.56,1378600.0,31.45,0.0,1.0
DRI,10/24/2006,41.7,42.65,41.55,41.84,1295600.0,31.66,0.0,1.0
DRI,10/25/2006,41.97,42.61,41.56,42.03,863600.0,31.81,0.0,1.0
DRI,10/26/2006,42.03,42.03,41.27,41.95,908500.0,31.75,0.0,1.0
DRI,10/27/2006,41.95,41.95,40.95,41.0,765300.0,31.03,0.0,1.0
DRI,10/30/2006,40.86,42.05,40.76,42.04,1030900.0,31.82,0.0,1.0
DRI,10/31/2006,42.04,42.31,41.57,41.9,1615900.0,31.71,0.0,1.0
DRI,11/01/2006,42.09,42.47,41.46,41.52,1024400.0,31.42,0.0,1.0
DRI,11/02/2006,41.4,41.7,40.78,41.59,1086700.0,31.48,0.0,1.0
DRI,11/03/2006,41.6,41.6,39.73,39.91,2316600.0,30.2,0.0,1.0
DRI,11/06/2006,40.31,41.94,40.29,40.93,2029900.0,30.98,0.0,1.0
DRI,11/07/2006,40.84,41.15,40.63,40.82,795100.0,30.89,0.0,1.0
DRI,11/08/2006,40.83,41.58,40.35,41.49,1413500.0,31.4,0.0,1.0
DRI,11/09/2006,41.46,41.46,40.43,40.51,1458100.0,30.66,0.0,1.0
DRI,11/10/2006,40.8,40.93,40.51,40.92,987700.0,30.97,0.0,1.0
DRI,11/13/2006,40.73,41.13,40.4,40.93,983100.0,30.98,0.0,1.0
DRI,11/14/2006,40.99,41.03,40.39,40.78,1718300.0,30.86,0.0,1.0
DRI,11/15/2006,40.6,41.1,40.6,40.79,1595600.0,30.87,0.0,1.0
DRI,11/16/2006,40.97,41.08,40.77,41.05,1236600.0,31.07,0.0,1.0
DRI,11/17/2006,40.93,40.94,40.65,40.78,1216500.0,30.86,0.0,1.0
DRI,11/20/2006,41.05,41.48,41.03,41.24,1887400.0,31.21,0.0,1.0
DRI,11/21/2006,41.25,41.46,41.0,41.27,1374200.0,31.23,0.0,1.0
DRI,11/22/2006,41.15,41.5,41.04,41.46,1133300.0,31.38,0.0,1.0
DRI,11/24/2006,41.12,41.25,40.16,40.25,939900.0,30.46,0.0,1.0
DRI,11/27/2006,40.25,40.84,40.06,40.2,2513000.0,30.42,0.0,1.0
DRI,11/28/2006,39.97,40.68,39.65,40.19,1744100.0,30.42,0.0,1.0
DRI,11/29/2006,40.5,40.57,39.81,40.16,1311200.0,30.39,0.0,1.0
DRI,11/30/2006,40.1,40.24,39.61,40.15,1341400.0,30.39,0.0,1.0
DRI,12/01/2006,40.01,40.47,39.6,40.06,1310400.0,30.32,0.0,1.0
DRI,12/04/2006,40.07,41.18,40.0,41.06,1106500.0,31.07,0.0,1.0
DRI,12/05/2006,41.06,41.08,40.28,40.51,1138700.0,30.66,0.0,1.0
DRI,12/06/2006,40.58,40.64,40.23,40.44,943600.0,30.6,0.0,1.0
DRI,12/07/2006,40.29,40.68,39.85,39.93,1356500.0,30.22,0.0,1.0
DRI,12/08/2006,39.9,40.47,39.59,40.2,1567800.0,30.42,0.0,1.0
DRI,12/11/2006,40.3,40.92,40.2,40.85,1134200.0,30.92,0.0,1.0
DRI,12/12/2006,40.4,40.4,39.68,39.91,1735800.0,30.2,0.0,1.0
DRI,12/13/2006,39.91,41.21,39.91,41.18,2535100.0,31.16,0.0,1.0
DRI,12/14/2006,41.36,41.6,41.01,41.26,1448400.0,31.23,0.0,1.0
DRI,12/15/2006,41.36,41.62,40.26,40.44,2124800.0,30.6,0.0,1.0
DRI,12/18/2006,40.6,40.98,40.15,40.3,1375100.0,30.5,0.0,1.0
DRI,12/19/2006,40.05,40.59,39.86,40.59,2047100.0,30.72,0.0,1.0
DRI,12/20/2006,40.69,41.19,39.51,40.01,2949700.0,30.28,0.0,1.0
DRI,12/21/2006,40.25,40.54,39.93,39.97,1459200.0,30.25,0.0,1.0
DRI,12/22/2006,40.07,40.57,39.96,40.42,935500.0,30.59,0.0,1.0
DRI,12/26/2006,40.43,40.73,40.37,40.61,666500.0,30.73,0.0,1.0
DRI,12/27/2006,40.64,40.89,40.16,40.5,849000.0,30.65,0.0,1.0
DRI,12/28/2006,40.35,40.81,40.34,40.66,666700.0,30.77,0.0,1.0
DRI,12/29/2006,40.59,40.71,40.05,40.17,804600.0,30.4,0.0,1.0
DRI,01/03/2007,40.28,40.68,39.93,40.32,1546400.0,30.51,0.0,1.0
DRI,01/04/2007,40.3,40.3,39.6,39.95,1893100.0,30.23,0.0,1.0
DRI,01/05/2007,39.5,39.74,39.02,39.13,2055800.0,29.61,0.0,1.0
DRI,01/08/2007,39.06,39.06,38.51,38.72,1785700.0,29.3,0.0,1.0
DRI,01/09/2007,38.9,39.18,38.55,38.85,1632100.0,29.4,0.0,1.0
DRI,01/10/2007,38.64,38.91,38.44,38.75,1716200.0,29.33,0.0,1.0
DRI,01/11/2007,38.99,39.65,38.99,39.57,1698600.0,29.95,0.0,1.0
DRI,01/12/2007,39.58,39.81,39.35,39.43,1404500.0,29.84,0.0,1.0
DRI,01/16/2007,40.08,40.3,39.91,40.06,1713200.0,30.32,0.0,1.0
DRI,01/17/2007,40.6,40.6,40.04,40.18,1883800.0,30.41,0.0,1.0
DRI,01/18/2007,40.16,40.28,39.92,40.09,1783100.0,30.34,0.0,1.0
DRI,01/19/2007,40.11,40.25,39.7,39.91,1336700.0,30.2,0.0,1.0
DRI,01/22/2007,39.9,39.95,39.1,39.34,1618400.0,29.77,0.0,1.0
DRI,01/23/2007,39.33,39.59,39.05,39.23,1214500.0,29.69,0.0,1.0
DRI,01/24/2007,39.25,39.5,39.2,39.34,1767000.0,29.77,0.0,1.0
DRI,01/25/2007,39.22,39.4,38.72,38.79,1081700.0,29.36,0.0,1.0
DRI,01/26/2007,38.76,38.92,38.15,38.32,1141200.0,29.0,0.0,1.0
DRI,01/29/2007,38.6,38.9,38.39,38.61,1135200.0,29.22,0.0,1.0
DRI,01/30/2007,38.63,38.78,38.3,38.68,1029900.0,29.27,0.0,1.0
DRI,01/31/2007,38.68,39.32,38.61,39.14,1945900.0,29.62,0.0,1.0
DRI,02/01/2007,39.15,39.62,38.98,39.55,1532600.0,29.93,0.0,1.0
DRI,02/02/2007,40.25,40.59,39.8,40.28,2298000.0,30.48,0.0,1.0
DRI,02/05/2007,40.29,40.71,39.97,40.1,1726100.0,30.35,0.0,1.0
DRI,02/06/2007,40.06,40.5,40.0,40.41,1759700.0,30.58,0.0,1.0
DRI,02/07/2007,40.3,41.49,40.26,41.49,2666800.0,31.4,0.0,1.0
DRI,02/08/2007,41.53,41.88,41.42,41.76,2308300.0,31.6,0.0,1.0
DRI,02/09/2007,41.7,41.91,41.35,41.38,1923500.0,31.32,0.0,1.0
DRI,02/12/2007,41.37,41.44,41.0,41.25,1126700.0,31.22,0.0,1.0
DRI,02/13/2007,41.93,42.97,41.9,42.64,2677100.0,32.27,0.0,1.0
DRI,02/14/2007,42.64,42.9,42.45,42.55,1237600.0,32.2,0.0,1.0
DRI,02/15/2007,42.6,42.69,42.34,42.63,1298800.0,32.26,0.0,1.0
DRI,02/16/2007,42.43,43.23,42.39,42.71,1951100.0,32.32,0.0,1.0
DRI,02/20/2007,42.55,43.01,42.41,42.7,1141200.0,32.32,0.0,1.0
DRI,02/21/2007,42.63,43.0,42.34,42.66,1408200.0,32.28,0.0,1.0
DRI,02/22/2007,42.7,43.0,42.38,42.62,1178400.0,32.25,0.0,1.0
DRI,02/23/2007,42.45,42.8,42.4,42.66,1199700.0,32.28,0.0,1.0
DRI,02/26/2007,42.6,42.69,41.93,42.02,992300.0,31.8,0.0,1.0
DRI,02/27/2007,41.75,41.75,40.51,40.75,1364900.0,30.84,0.0,1.0
DRI,02/28/2007,41.0,41.25,40.46,40.99,1209700.0,31.02,0.0,1.0
DRI,03/01/2007,40.13,40.9,40.01,40.5,1674200.0,30.65,0.0,1.0
DRI,03/02/2007,40.3,40.54,39.77,39.79,1553300.0,30.11,0.0,1.0
DRI,03/05/2007,39.64,39.7,39.08,39.08,1227600.0,29.58,0.0,1.0
DRI,03/06/2007,39.64,39.76,39.19,39.54,1249600.0,29.92,0.0,1.0
DRI,03/07/2007,39.55,39.8,39.26,39.28,1132300.0,29.73,0.0,1.0
DRI,03/08/2007,39.65,40.26,39.54,39.87,1037900.0,30.17,0.0,1.0
DRI,03/09/2007,40.1,40.1,39.58,39.8,942900.0,30.12,0.0,1.0
DRI,03/12/2007,39.8,40.13,39.66,40.01,897800.0,30.28,0.0,1.0
DRI,03/13/2007,39.75,40.0,39.2,39.23,982400.0,29.69,0.0,1.0
DRI,03/14/2007,39.37,39.93,38.94,39.61,1871600.0,29.98,0.0,1.0
DRI,03/15/2007,39.55,40.08,39.47,39.61,1116800.0,29.98,0.0,1.0
DRI,03/16/2007,39.69,40.44,39.26,39.43,1046500.0,29.84,0.0,1.0
DRI,03/19/2007,40.25,40.99,40.18,40.67,1873500.0,30.78,0.0,1.0
DRI,03/20/2007,40.49,41.5,40.43,41.33,1614300.0,31.28,0.0,1.0
DRI,03/21/2007,40.85,41.04,39.93,40.57,3206000.0,30.7,0.0,1.0
DRI,03/22/2007,40.42,40.88,40.25,40.76,1742900.0,30.85,0.0,1.0
DRI,03/23/2007,40.99,41.42,40.79,41.32,1271100.0,31.27,0.0,1.0
DRI,03/26/2007,41.23,41.31,40.9,41.22,1078700.0,31.2,0.0,1.0
DRI,03/27/2007,41.19,41.45,41.01,41.37,1219700.0,31.31,0.0,1.0
DRI,03/28/2007,41.38,41.43,41.01,41.25,1069600.0,31.22,0.0,1.0
DRI,03/29/2007,41.63,41.75,41.13,41.65,1735800.0,31.52,0.0,1.0
DRI,03/30/2007,40.88,41.7,40.88,41.19,1417200.0,31.17,0.0,1.0
DRI,04/02/2007,41.15,41.34,40.95,41.0,1940700.0,31.03,0.0,1.0
DRI,04/03/2007,41.2,41.85,41.05,41.6,1402300.0,31.48,0.0,1.0
DRI,04/04/2007,41.67,41.96,41.27,41.62,1721100.0,31.5,0.0,1.0
DRI,04/05/2007,41.42,42.32,41.42,42.09,1233800.0,32.03,0.23,1.0
DRI,04/09/2007,42.06,42.07,41.74,41.84,755200.0,31.84,0.0,1.0
DRI,04/10/2007,41.75,41.75,41.26,41.29,845400.0,31.42,0.0,1.0
DRI,04/11/2007,41.34,41.43,40.87,40.92,931600.0,31.14,0.0,1.0
DRI,04/12/2007,40.92,40.96,40.44,40.74,1084500.0,31.0,0.0,1.0
DRI,04/13/2007,41.59,41.59,40.66,40.79,1003400.0,31.04,0.0,1.0
DRI,04/16/2007,40.85,41.14,40.53,41.14,1322500.0,31.3,0.0,1.0
DRI,04/17/2007,41.1,41.63,40.93,41.44,1450100.0,31.53,0.0,1.0
DRI,04/18/2007,41.4,41.59,41.1,41.47,1038000.0,31.56,0.0,1.0
DRI,04/19/2007,41.48,41.48,40.79,40.87,1211600.0,31.1,0.0,1.0
DRI,04/20/2007,40.87,41.29,40.85,41.25,1217900.0,31.39,0.0,1.0
DRI,04/23/2007,41.34,41.39,40.72,40.75,671000.0,31.01,0.0,1.0
DRI,04/24/2007,40.75,40.92,40.36,40.76,893100.0,31.02,0.0,1.0
DRI,04/25/2007,41.3,41.63,41.18,41.55,1116000.0,31.62,0.0,1.0
DRI,04/26/2007,41.86,42.44,41.86,42.0,1703300.0,31.96,0.0,1.0
DRI,04/27/2007,42.0,42.49,41.6,42.32,1464000.0,32.2,0.0,1.0
DRI,04/30/2007,42.42,42.45,41.47,41.48,1188100.0,31.56,0.0,1.0
DRI,05/01/2007,41.58,42.22,41.12,42.06,1184400.0,32.0,0.0,1.0
DRI,05/02/2007,42.16,42.96,42.16,42.33,1088100.0,32.21,0.0,1.0
DRI,05/03/2007,42.34,42.67,42.12,42.66,1204200.0,32.46,0.0,1.0
DRI,05/04/2007,43.72,43.74,42.93,43.22,1219500.0,32.89,0.0,1.0
DRI,05/07/2007,45.01,46.59,45.0,45.51,3979100.0,34.63,0.0,1.0
DRI,05/08/2007,45.5,45.85,45.22,45.63,1832500.0,34.72,0.0,1.0
DRI,05/09/2007,45.35,46.0,45.24,45.88,1208800.0,34.91,0.0,1.0
DRI,05/10/2007,45.52,45.94,45.16,45.38,1506500.0,34.53,0.0,1.0
DRI,05/11/2007,45.58,45.83,45.31,45.8,801700.0,34.85,0.0,1.0
DRI,05/14/2007,45.63,45.83,45.05,45.35,930400.0,34.51,0.0,1.0
DRI,05/15/2007,45.07,45.35,44.53,44.66,1492500.0,33.98,0.0,1.0
DRI,05/16/2007,44.9,45.41,44.87,45.23,744000.0,34.42,0.0,1.0
DRI,05/17/2007,45.02,45.33,44.8,45.1,866800.0,34.32,0.0,1.0
DRI,05/18/2007,45.3,45.42,44.68,45.34,821200.0,34.5,0.0,1.0
DRI,05/21/2007,45.2,45.73,45.2,45.67,1324400.0,34.75,0.0,1.0
DRI,05/22/2007,45.67,45.73,45.21,45.44,883100.0,34.58,0.0,1.0
DRI,05/23/2007,45.43,45.47,44.92,44.93,928200.0,34.19,0.0,1.0
DRI,05/24/2007,45.15,45.85,44.74,44.9,1048800.0,34.17,0.0,1.0
DRI,05/25/2007,44.91,45.51,44.64,45.32,943600.0,34.49,0.0,1.0
DRI,05/29/2007,45.25,45.47,44.73,45.19,859700.0,34.39,0.0,1.0
DRI,05/30/2007,44.96,45.43,44.75,45.25,1157400.0,34.43,0.0,1.0
DRI,05/31/2007,45.39,45.61,44.99,45.57,1006800.0,34.68,0.0,1.0
DRI,06/01/2007,45.81,46.0,45.38,45.8,1406400.0,34.85,0.0,1.0
DRI,06/04/2007,45.77,46.8,45.62,46.71,1274800.0,35.54,0.0,1.0
DRI,06/05/2007,46.49,46.89,46.25,46.81,1402600.0,35.62,0.0,1.0
DRI,06/06/2007,46.82,46.82,45.62,45.79,1624100.0,34.84,0.0,1.0
DRI,06/07/2007,45.79,45.8,44.46,44.62,1798500.0,33.95,0.0,1.0
DRI,06/08/2007,44.62,45.25,43.72,45.22,1122700.0,34.41,0.0,1.0
DRI,06/11/2007,45.09,45.61,44.78,45.35,1273000.0,34.51,0.0,1.0
DRI,06/12/2007,45.36,45.84,45.28,45.39,1848600.0,34.54,0.0,1.0
DRI,06/13/2007,45.71,46.65,45.63,46.64,1487500.0,35.49,0.0,1.0
DRI,06/14/2007,46.65,46.9,46.55,46.76,1218100.0,35.58,0.0,1.0
DRI,06/15/2007,46.99,47.29,46.72,46.86,1456100.0,35.66,0.0,1.0
DRI,06/18/2007,47.6,47.6,46.84,47.08,1223800.0,35.82,0.0,1.0
DRI,06/19/2007,47.16,47.36,46.5,46.85,1889200.0,35.65,0.0,1.0
DRI,06/20/2007,45.35,45.94,43.29,43.44,5240800.0,33.05,0.0,1.0
DRI,06/21/2007,42.93,43.78,42.86,43.4,3320900.0,33.02,0.0,1.0
DRI,06/22/2007,43.39,43.4,42.92,42.93,1713300.0,32.67,0.0,1.0
DRI,06/25/2007,42.64,43.37,42.5,43.15,1789300.0,32.83,0.0,1.0
DRI,06/26/2007,43.2,43.9,43.19,43.36,2116500.0,32.99,0.0,1.0
DRI,06/27/2007,42.96,43.79,42.83,43.69,1556300.0,33.25,0.0,1.0
DRI,06/28/2007,43.51,44.01,43.38,43.5,944400.0,33.1,0.0,1.0
DRI,06/29/2007,43.56,44.16,43.55,43.99,1533100.0,33.47,0.0,1.0
DRI,07/02/2007,44.26,44.37,43.89,44.14,1162100.0,33.59,0.0,1.0
DRI,07/03/2007,44.32,44.89,44.26,44.85,589100.0,34.13,0.0,1.0
DRI,07/05/2007,44.85,44.9,44.25,44.57,1182900.0,33.91,0.0,1.0
DRI,07/06/2007,44.1,44.43,43.91,44.41,1021500.0,33.93,0.18,1.0
DRI,07/09/2007,44.6,44.7,43.82,44.3,1377500.0,33.85,0.0,1.0
DRI,07/10/2007,45.24,45.38,44.57,44.9,1742200.0,34.3,0.0,1.0
DRI,07/11/2007,45.08,45.83,44.9,45.35,1067300.0,34.65,0.0,1.0
DRI,07/12/2007,45.21,45.36,44.41,44.9,1476000.0,34.3,0.0,1.0
DRI,07/13/2007,45.0,45.04,44.34,44.84,890900.0,34.26,0.0,1.0
DRI,07/16/2007,44.86,44.86,44.15,44.52,968000.0,34.01,0.0,1.0
DRI,07/17/2007,44.7,44.99,44.39,44.5,809900.0,34.0,0.0,1.0
DRI,07/18/2007,44.24,44.66,43.74,43.99,1347100.0,33.61,0.0,1.0
DRI,07/19/2007,44.09,44.38,43.82,44.13,1364100.0,33.72,0.0,1.0
DRI,07/20/2007,43.88,44.33,43.45,43.53,1297300.0,33.26,0.0,1.0
DRI,07/23/2007,43.67,44.25,43.53,43.99,1107500.0,33.61,0.0,1.0
DRI,07/24/2007,43.64,43.97,43.06,43.14,817700.0,32.96,0.0,1.0
DRI,07/25/2007,42.58,43.21,42.41,42.68,1502000.0,32.61,0.0,1.0
DRI,07/26/2007,42.33,42.84,41.75,42.05,2731100.0,32.13,0.0,1.0
DRI,07/27/2007,41.72,42.56,40.69,42.01,2847700.0,32.1,0.0,1.0
DRI,07/30/2007,42.2,42.68,41.97,42.58,1639800.0,32.53,0.0,1.0
DRI,07/31/2007,42.84,43.37,42.49,42.57,1910000.0,32.52,0.0,1.0
DRI,08/01/2007,42.35,42.56,41.9,42.37,2168700.0,32.37,0.0,1.0
DRI,08/02/2007,42.37,42.46,41.95,42.05,1579500.0,32.13,0.0,1.0
DRI,08/03/2007,43.73,45.46,43.5,44.56,2960600.0,34.04,0.0,1.0
DRI,08/06/2007,44.74,44.89,43.86,44.71,2240500.0,34.16,0.0,1.0
DRI,08/07/2007,44.56,45.36,43.9,44.33,2110600.0,33.87,0.0,1.0
DRI,08/08/2007,44.31,45.04,42.67,43.19,2625100.0,33.0,0.0,1.0
DRI,08/09/2007,43.0,43.1,40.52,40.79,3875500.0,31.16,0.0,1.0
DRI,08/10/2007,40.43,43.58,39.44,42.94,3019700.0,32.81,0.0,1.0
DRI,08/13/2007,43.19,43.49,41.82,41.92,1659000.0,32.03,0.0,1.0
DRI,08/14/2007,41.91,42.26,40.15,40.27,1616800.0,30.77,0.0,1.0
DRI,08/15/2007,40.2,41.14,39.74,39.8,1642500.0,30.41,0.0,1.0
DRI,08/16/2007,39.8,40.52,38.45,39.96,2217000.0,30.53,0.0,1.0
DRI,08/17/2007,41.95,41.95,38.11,38.93,4497400.0,29.74,0.0,1.0
DRI,08/20/2007,39.61,40.64,39.11,40.3,2040700.0,30.79,0.0,1.0
DRI,08/21/2007,41.03,41.54,40.71,41.39,1832500.0,31.62,0.0,1.0
DRI,08/22/2007,41.56,41.73,41.1,41.43,1378400.0,31.65,0.0,1.0
DRI,08/23/2007,41.62,42.08,41.15,41.37,1053000.0,31.61,0.0,1.0
DRI,08/24/2007,41.39,42.51,41.14,42.33,935300.0,32.34,0.0,1.0
DRI,08/27/2007,42.33,42.46,41.69,41.7,740100.0,31.86,0.0,1.0
DRI,08/28/2007,41.54,41.75,40.08,40.15,2529000.0,30.68,0.0,1.0
DRI,08/29/2007,40.39,41.13,39.62,40.95,4530000.0,31.29,0.0,1.0
DRI,08/30/2007,40.53,41.09,40.34,40.55,980300.0,30.98,0.0,1.0
DRI,08/31/2007,41.11,42.0,40.75,41.6,1164100.0,31.78,0.0,1.0
DRI,09/04/2007,41.64,42.56,41.6,42.4,1209800.0,32.39,0.0,1.0
DRI,09/05/2007,41.13,42.19,41.13,41.71,1169400.0,31.87,0.0,1.0
DRI,09/06/2007,41.9,41.97,41.28,41.6,625300.0,31.78,0.0,1.0
DRI,09/07/2007,41.17,41.25,40.67,40.87,763200.0,31.23,0.0,1.0
DRI,09/10/2007,41.07,41.27,39.92,40.51,980600.0,30.95,0.0,1.0
DRI,09/11/2007,40.7,41.24,40.62,41.24,1042100.0,31.51,0.0,1.0
DRI,09/12/2007,41.18,41.38,40.59,40.9,1438400.0,31.25,0.0,1.0
DRI,09/13/2007,41.02,41.45,40.53,41.23,1142000.0,31.5,0.0,1.0
DRI,09/14/2007,41.19,42.52,41.05,42.44,1176200.0,32.42,0.0,1.0
DRI,09/17/2007,42.4,42.69,41.97,42.35,1371500.0,32.36,0.0,1.0
DRI,09/18/2007,42.56,43.84,42.4,43.84,1732300.0,33.49,0.0,1.0
DRI,09/19/2007,44.46,45.25,44.06,44.65,2787900.0,34.11,0.0,1.0
DRI,09/20/2007,44.53,44.75,43.36,43.4,2085200.0,33.16,0.0,1.0
DRI,09/21/2007,43.89,44.3,43.36,43.82,1692300.0,33.48,0.0,1.0
DRI,09/24/2007,43.68,43.78,42.97,43.08,1400700.0,32.91,0.0,1.0
DRI,09/25/2007,42.72,42.88,41.9,42.24,1466200.0,32.27,0.0,1.0
DRI,09/26/2007,42.21,43.13,42.15,42.97,1114500.0,32.83,0.0,1.0
DRI,09/27/2007,43.22,43.49,42.77,43.0,1428300.0,32.85,0.0,1.0
DRI,09/28/2007,42.77,42.9,41.77,41.86,1164900.0,31.98,0.0,1.0
DRI,10/01/2007,41.94,43.41,41.75,43.0,1826800.0,32.85,0.0,1.0
DRI,10/02/2007,42.87,43.65,42.82,43.62,1271000.0,33.33,0.0,1.0
DRI,10/03/2007,43.15,43.6,42.94,43.54,1488100.0,33.27,0.0,1.0
DRI,10/04/2007,43.59,43.96,43.23,43.45,1195100.0,33.2,0.0,1.0
DRI,10/05/2007,43.57,44.47,43.45,44.06,1013500.0,33.8,0.18,1.0
DRI,10/08/2007,44.28,44.74,44.1,44.54,1042700.0,34.17,0.0,1.0
DRI,10/09/2007,44.7,44.89,44.22,44.78,1209900.0,34.35,0.0,1.0
DRI,10/10/2007,44.78,44.86,44.27,44.5,1064900.0,34.14,0.0,1.0
DRI,10/11/2007,44.6,44.85,43.28,43.52,1420200.0,33.39,0.0,1.0
DRI,10/12/2007,43.5,43.61,43.08,43.27,843800.0,33.19,0.0,1.0
DRI,10/15/2007,43.07,43.24,42.09,42.6,1386500.0,32.68,0.0,1.0
DRI,10/16/2007,42.49,43.07,42.44,42.82,1596300.0,32.85,0.0,1.0
DRI,10/17/2007,43.35,43.98,43.11,43.54,2042100.0,33.4,0.0,1.0
DRI,10/18/2007,43.54,43.69,42.8,43.47,1228900.0,33.35,0.0,1.0
DRI,10/19/2007,43.24,43.93,43.1,43.1,1440000.0,33.06,0.0,1.0
DRI,10/22/2007,42.93,44.25,42.8,43.95,1532200.0,33.72,0.0,1.0
DRI,10/23/2007,44.02,44.59,43.74,44.25,1483700.0,33.95,0.0,1.0
DRI,10/24/2007,43.89,44.17,42.38,43.28,1532000.0,33.2,0.0,1.0
DRI,10/25/2007,43.28,43.49,42.37,42.92,1123900.0,32.93,0.0,1.0
DRI,10/26/2007,43.22,43.22,42.41,42.91,835600.0,32.92,0.0,1.0
DRI,10/29/2007,43.0,43.01,42.05,42.42,1024100.0,32.54,0.0,1.0
DRI,10/30/2007,42.32,43.18,42.28,42.8,645800.0,32.83,0.0,1.0
DRI,10/31/2007,42.87,43.08,42.33,43.0,1109700.0,32.99,0.0,1.0
DRI,11/01/2007,42.57,42.87,41.24,41.27,1421400.0,31.66,0.0,1.0
DRI,11/02/2007,41.32,41.48,40.65,41.01,1013700.0,31.46,0.0,1.0
DRI,11/05/2007,40.75,41.31,40.5,41.06,1037000.0,31.5,0.0,1.0
DRI,11/06/2007,41.09,41.28,40.29,40.56,1175400.0,31.12,0.0,1.0
DRI,11/07/2007,40.56,41.23,40.05,40.61,1559400.0,31.15,0.0,1.0
DRI,11/08/2007,40.64,41.7,40.26,41.51,2249700.0,31.84,0.0,1.0
DRI,11/09/2007,41.04,41.19,40.05,40.13,1297900.0,30.79,0.0,1.0
DRI,11/12/2007,40.03,40.65,39.37,39.37,1539400.0,30.2,0.0,1.0
DRI,11/13/2007,39.62,41.0,39.51,40.97,1437400.0,31.43,0.0,1.0
DRI,11/14/2007,41.14,41.48,39.8,40.11,1663300.0,30.77,0.0,1.0
DRI,11/15/2007,40.11,40.57,39.73,39.95,1185400.0,30.65,0.0,1.0
DRI,11/16/2007,40.4,40.49,39.36,39.79,1123500.0,30.52,0.0,1.0
DRI,11/19/2007,39.75,39.75,38.76,39.45,1184000.0,30.26,0.0,1.0
DRI,11/20/2007,39.51,39.75,38.34,39.03,1747000.0,29.94,0.0,1.0
DRI,11/21/2007,38.79,39.42,38.28,38.93,1270700.0,29.86,0.0,1.0
DRI,11/23/2007,39.18,39.4,38.91,39.4,385000.0,30.23,0.0,1.0
DRI,11/26/2007,39.12,39.74,38.96,39.28,1350400.0,30.13,0.0,1.0
DRI,11/27/2007,39.28,39.56,38.92,39.47,1177300.0,30.28,0.0,1.0
DRI,11/28/2007,39.69,40.61,39.36,40.45,1232700.0,31.03,0.0,1.0
DRI,11/29/2007,40.08,40.42,39.87,40.3,648700.0,30.92,0.0,1.0
DRI,11/30/2007,40.7,41.25,39.69,39.79,1423800.0,30.52,0.0,1.0
DRI,12/03/2007,39.9,40.15,39.55,39.55,997100.0,30.34,0.0,1.0
DRI,12/04/2007,39.39,39.92,39.32,39.38,913600.0,30.21,0.0,1.0
DRI,12/05/2007,39.77,39.8,38.58,38.83,1328700.0,29.79,0.0,1.0
DRI,12/06/2007,38.82,39.16,38.19,38.37,2396400.0,29.43,0.0,1.0
DRI,12/07/2007,38.68,39.4,38.49,39.26,1531500.0,30.12,0.0,1.0
DRI,12/10/2007,39.4,39.7,39.06,39.49,1341800.0,30.29,0.0,1.0
DRI,12/11/2007,39.63,39.63,38.42,38.46,1137200.0,29.5,0.0,1.0
DRI,12/12/2007,39.23,39.5,37.3,37.71,1749900.0,28.93,0.0,1.0
DRI,12/13/2007,37.6,37.69,36.63,37.1,1666300.0,28.46,0.0,1.0
DRI,12/14/2007,36.77,36.84,35.56,35.79,1863300.0,27.46,0.0,1.0
DRI,12/17/2007,35.95,36.47,35.42,35.89,1845200.0,27.53,0.0,1.0
DRI,12/18/2007,36.24,36.75,35.31,36.34,2040500.0,27.88,0.0,1.0
DRI,12/19/2007,31.65,31.85,28.3,28.6,13797700.0,21.94,0.0,1.0
DRI,12/20/2007,29.01,29.09,26.9,27.49,7060100.0,21.09,0.0,1.0
DRI,12/21/2007,27.85,28.08,27.06,27.51,3945800.0,21.1,0.0,1.0
DRI,12/24/2007,27.93,28.4,27.45,27.61,2024200.0,21.18,0.0,1.0
DRI,12/26/2007,27.45,27.93,27.06,27.31,1816400.0,20.95,0.0,1.0
DRI,12/27/2007,27.06,27.83,27.06,27.48,3068900.0,21.08,0.0,1.0
DRI,12/28/2007,27.35,28.0,27.35,27.62,2671400.0,21.19,0.0,1.0
DRI,12/31/2007,27.86,28.21,27.57,27.71,2933800.0,21.26,0.0,1.0
DRI,01/02/2008,27.99,27.99,26.51,26.65,3001800.0,20.44,0.0,1.0
DRI,01/03/2008,26.55,26.86,25.72,26.11,3783700.0,20.03,0.0,1.0
DRI,01/04/2008,26.04,26.06,25.23,25.59,2902000.0,19.63,0.0,1.0
DRI,01/07/2008,25.6,25.6,24.12,24.45,4278100.0,18.76,0.0,1.0
DRI,01/08/2008,24.45,24.62,23.59,23.64,3443600.0,18.27,0.18,1.0
DRI,01/09/2008,23.28,23.71,22.16,22.88,4877500.0,17.69,0.0,1.0
DRI,01/10/2008,22.67,23.69,22.66,23.45,3433400.0,18.13,0.0,1.0
DRI,01/11/2008,23.02,23.37,22.16,22.19,2971800.0,17.15,0.0,1.0
DRI,01/14/2008,22.3,22.43,21.48,21.8,3673600.0,16.85,0.0,1.0
DRI,01/15/2008,21.35,21.83,21.21,21.41,2834100.0,16.55,0.0,1.0
DRI,01/16/2008,21.39,21.7,20.89,20.99,4330500.0,16.22,0.0,1.0
DRI,01/17/2008,21.02,21.49,20.89,21.05,3629800.0,16.27,0.0,1.0
DRI,01/18/2008,21.51,22.55,21.24,22.19,4390700.0,17.15,0.0,1.0
DRI,01/22/2008,21.15,23.21,21.0,22.87,4709800.0,17.68,0.0,1.0
DRI,01/23/2008,22.34,26.23,21.68,26.0,7931800.0,20.1,0.0,1.0
DRI,01/24/2008,25.95,27.59,25.81,27.46,7640900.0,21.23,0.0,1.0
DRI,01/25/2008,27.68,28.15,25.89,26.21,4279300.0,20.26,0.0,1.0
DRI,01/28/2008,26.08,27.55,25.51,27.47,4643600.0,21.23,0.0,1.0
DRI,01/29/2008,27.7,27.9,26.99,27.15,3892000.0,20.99,0.0,1.0
DRI,01/30/2008,27.09,27.84,26.66,26.76,3260500.0,20.68,0.0,1.0
DRI,01/31/2008,26.51,28.78,25.9,28.33,3175300.0,21.9,0.0,1.0
DRI,02/01/2008,28.24,28.97,27.39,28.84,2816400.0,22.29,0.0,1.0
DRI,02/04/2008,29.06,29.06,27.54,27.63,1948400.0,21.36,0.0,1.0
DRI,02/05/2008,27.19,27.77,26.74,26.86,2004900.0,20.76,0.0,1.0
DRI,02/06/2008,26.99,27.13,26.33,26.41,2502900.0,20.41,0.0,1.0
DRI,02/07/2008,26.24,27.13,26.21,26.89,2203400.0,20.79,0.0,1.0
DRI,02/08/2008,26.81,27.45,26.51,26.86,1658400.0,20.76,0.0,1.0
DRI,02/11/2008,28.75,29.43,28.5,29.01,6164900.0,22.42,0.0,1.0
DRI,02/12/2008,29.25,31.5,29.25,30.35,5053900.0,23.46,0.0,1.0
DRI,02/13/2008,30.28,31.73,30.28,31.32,4130500.0,24.21,0.0,1.0
DRI,02/14/2008,31.45,31.5,30.25,30.35,2537400.0,23.46,0.0,1.0
DRI,02/15/2008,30.19,30.65,29.81,30.54,2017300.0,23.61,0.0,1.0
DRI,02/19/2008,31.0,31.3,30.28,30.51,1386000.0,23.58,0.0,1.0
DRI,02/20/2008,30.32,31.75,30.09,31.61,2265100.0,24.43,0.0,1.0
DRI,02/21/2008,31.69,32.0,30.97,31.08,1444700.0,24.02,0.0,1.0
DRI,02/22/2008,31.27,31.49,30.62,31.38,1148500.0,24.26,0.0,1.0
DRI,02/25/2008,31.29,32.21,30.76,32.2,1550000.0,24.89,0.0,1.0
DRI,02/26/2008,32.3,33.53,32.06,33.22,2717200.0,25.68,0.0,1.0
DRI,02/27/2008,32.8,33.13,32.04,32.15,1742400.0,24.85,0.0,1.0
DRI,02/28/2008,32.15,32.15,31.02,31.14,1581200.0,24.07,0.0,1.0
DRI,02/29/2008,30.83,31.84,30.67,30.83,2067000.0,23.83,0.0,1.0
DRI,03/03/2008,31.83,31.99,30.76,31.16,2454300.0,24.09,0.0,1.0
DRI,03/04/2008,30.94,31.36,30.52,31.14,2128900.0,24.07,0.0,1.0
DRI,03/05/2008,31.26,31.74,30.52,30.63,2450400.0,23.68,0.0,1.0
DRI,03/06/2008,30.37,30.45,28.88,29.0,2437000.0,22.42,0.0,1.0
DRI,03/07/2008,28.74,28.81,27.83,28.25,3055800.0,21.84,0.0,1.0
DRI,03/10/2008,28.44,29.29,28.15,28.2,1593200.0,21.8,0.0,1.0
DRI,03/11/2008,28.89,29.19,27.8,29.18,3040900.0,22.56,0.0,1.0
DRI,03/12/2008,29.29,30.63,28.96,29.67,2393800.0,22.93,0.0,1.0
DRI,03/13/2008,29.2,29.47,27.82,29.43,3417000.0,22.75,0.0,1.0
DRI,03/14/2008,29.7,29.77,28.25,29.28,2504400.0,22.63,0.0,1.0
DRI,03/17/2008,28.6,29.86,28.14,29.46,3135600.0,22.77,0.0,1.0
DRI,03/18/2008,29.7,31.26,29.48,29.86,4522200.0,23.08,0.0,1.0
DRI,03/19/2008,30.99,32.86,30.64,31.83,5667200.0,24.6,0.0,1.0
DRI,03/20/2008,32.81,34.44,31.83,34.35,5035100.0,26.55,0.0,1.0
DRI,03/24/2008,34.42,35.3,33.99,34.09,2884800.0,26.35,0.0,1.0
DRI,03/25/2008,34.6,34.68,33.53,34.21,2360300.0,26.44,0.0,1.0
DRI,03/26/2008,34.1,34.25,33.03,33.28,2548400.0,25.72,0.0,1.0
DRI,03/27/2008,33.28,33.31,32.19,32.2,2359300.0,24.89,0.0,1.0
DRI,03/28/2008,32.35,32.94,31.37,31.69,2029100.0,24.5,0.0,1.0
DRI,03/31/2008,31.62,32.77,31.51,32.55,1820100.0,25.16,0.0,1.0
DRI,04/01/2008,32.59,34.36,32.56,34.34,2600300.0,26.54,0.0,1.0
DRI,04/02/2008,34.41,34.95,34.02,34.87,2372100.0,26.95,0.0,1.0
DRI,04/03/2008,34.59,35.04,34.24,34.95,2693500.0,27.02,0.0,1.0
DRI,04/04/2008,35.13,35.58,33.97,34.41,2518100.0,26.6,0.0,1.0
DRI,04/07/2008,34.53,35.13,34.26,34.9,2167200.0,26.98,0.0,1.0
DRI,04/08/2008,34.64,34.85,33.73,34.0,1478400.0,26.42,0.18,1.0
DRI,04/09/2008,33.93,34.41,32.93,33.32,1718100.0,25.89,0.0,1.0
DRI,04/10/2008,33.0,34.57,33.0,34.38,1677100.0,26.72,0.0,1.0
DRI,04/11/2008,34.16,34.95,33.77,33.95,1271200.0,26.38,0.0,1.0
DRI,04/14/2008,33.69,33.95,33.02,33.28,1483300.0,25.86,0.0,1.0
DRI,04/15/2008,33.43,34.6,33.24,34.44,2133700.0,26.76,0.0,1.0
DRI,04/16/2008,34.55,35.16,34.44,34.9,1533500.0,27.12,0.0,1.0
DRI,04/17/2008,34.86,35.43,34.71,35.35,1665000.0,27.47,0.0,1.0
DRI,04/18/2008,35.65,36.22,35.42,35.72,1465700.0,27.76,0.0,1.0
DRI,04/21/2008,35.45,35.83,35.03,35.52,852800.0,27.6,0.0,1.0
DRI,04/22/2008,35.17,35.53,33.88,34.58,1782300.0,26.87,0.0,1.0
DRI,04/23/2008,34.81,35.44,34.32,34.43,1778100.0,26.75,0.0,1.0
DRI,04/24/2008,33.59,34.91,33.54,34.5,1340400.0,26.81,0.0,1.0
DRI,04/25/2008,34.35,35.92,34.08,35.74,2183000.0,27.77,0.0,1.0
DRI,04/28/2008,35.75,36.0,34.84,35.08,2642600.0,27.26,0.0,1.0
DRI,04/29/2008,35.0,35.46,34.9,35.34,1133500.0,27.46,0.0,1.0
DRI,04/30/2008,35.63,37.03,35.46,35.58,3253800.0,27.65,0.0,1.0
DRI,05/01/2008,35.72,37.03,35.35,36.97,2234800.0,28.73,0.0,1.0
DRI,05/02/2008,37.25,37.73,36.24,36.53,2314800.0,28.39,0.0,1.0
DRI,05/05/2008,36.47,37.48,35.89,37.01,2134700.0,28.76,0.0,1.0
DRI,05/06/2008,36.58,37.0,36.19,36.91,1173900.0,28.68,0.0,1.0
DRI,05/07/2008,36.98,37.67,36.31,36.5,1899400.0,28.36,0.0,1.0
DRI,05/08/2008,36.57,37.0,36.04,36.75,3111100.0,28.56,0.0,1.0
DRI,05/09/2008,36.48,37.11,35.59,35.77,2004800.0,27.8,0.0,1.0
DRI,05/12/2008,35.8,36.98,35.8,36.91,1136600.0,28.68,0.0,1.0
DRI,05/13/2008,37.02,37.12,36.37,37.02,1116300.0,28.77,0.0,1.0
DRI,05/14/2008,37.26,37.68,37.02,37.18,1386700.0,28.89,0.0,1.0
DRI,05/15/2008,36.98,37.64,36.58,37.45,1098900.0,29.1,0.0,1.0
DRI,05/16/2008,37.59,37.59,35.63,36.02,2202200.0,27.99,0.0,1.0
DRI,05/19/2008,36.21,36.79,35.92,36.18,1621700.0,28.11,0.0,1.0
DRI,05/20/2008,35.9,36.18,34.19,34.47,2347700.0,26.79,0.0,1.0
DRI,05/21/2008,34.53,34.72,32.44,32.96,3229900.0,25.61,0.0,1.0
DRI,05/22/2008,32.9,33.48,32.75,33.21,1871100.0,25.81,0.0,1.0
DRI,05/23/2008,32.74,32.92,31.42,31.74,2760000.0,24.66,0.0,1.0
DRI,05/27/2008,32.73,33.96,32.66,33.18,3310700.0,25.78,0.0,1.0
DRI,05/28/2008,33.49,34.15,33.32,34.01,2346300.0,26.43,0.0,1.0
DRI,05/29/2008,34.32,34.83,33.71,34.55,2260200.0,26.85,0.0,1.0
DRI,05/30/2008,34.76,34.76,33.65,34.25,1821900.0,26.61,0.0,1.0
DRI,06/02/2008,34.26,34.43,33.29,33.8,2483200.0,26.26,0.0,1.0
DRI,06/03/2008,33.86,34.39,33.22,33.56,2753700.0,26.08,0.0,1.0
DRI,06/04/2008,33.18,34.34,32.88,33.94,2446400.0,26.37,0.0,1.0
DRI,06/05/2008,33.8,34.49,33.41,33.84,1851300.0,26.3,0.0,1.0
DRI,06/06/2008,33.83,33.83,31.98,32.16,3633400.0,24.99,0.0,1.0
DRI,06/09/2008,32.47,33.0,31.69,32.01,2095900.0,24.87,0.0,1.0
DRI,06/10/2008,31.72,32.43,31.11,32.09,4121800.0,24.94,0.0,1.0
DRI,06/11/2008,31.77,32.12,30.53,30.74,3067200.0,23.89,0.0,1.0
DRI,06/12/2008,30.72,32.21,30.72,31.49,2727500.0,24.47,0.0,1.0
DRI,06/13/2008,32.22,33.2,31.98,32.47,2292200.0,25.23,0.0,1.0
DRI,06/16/2008,32.2,33.3,31.68,33.13,2284500.0,25.74,0.0,1.0
DRI,06/17/2008,33.06,33.13,31.83,32.01,2299900.0,24.87,0.0,1.0
DRI,06/18/2008,31.44,32.32,31.01,31.4,1865100.0,24.4,0.0,1.0
DRI,06/19/2008,31.5,32.36,31.01,32.14,1988900.0,24.97,0.0,1.0
DRI,06/20/2008,31.5,32.65,31.02,31.64,2510600.0,24.59,0.0,1.0
DRI,06/23/2008,31.64,32.35,30.53,30.65,2322600.0,23.82,0.0,1.0
DRI,06/24/2008,30.48,32.0,30.0,31.6,4811200.0,24.56,0.0,1.0
DRI,06/25/2008,32.75,34.13,32.57,33.76,6567700.0,26.23,0.0,1.0
DRI,06/26/2008,33.45,33.51,32.53,32.63,3101700.0,25.36,0.0,1.0
DRI,06/27/2008,32.59,33.11,31.46,32.26,2928800.0,25.07,0.0,1.0
DRI,06/30/2008,32.21,32.92,31.58,31.94,2174900.0,24.82,0.0,1.0
DRI,07/01/2008,31.25,32.4,30.87,32.04,3084800.0,24.9,0.0,1.0
DRI,07/02/2008,32.32,32.65,30.67,30.72,2515200.0,23.87,0.0,1.0
DRI,07/03/2008,30.92,31.63,30.79,31.45,1542600.0,24.44,0.0,1.0
DRI,07/07/2008,31.79,32.2,30.94,31.35,2194200.0,24.36,0.0,1.0
DRI,07/08/2008,31.22,32.96,31.21,32.96,2516000.0,25.77,0.2,1.0
DRI,07/09/2008,32.77,32.89,31.4,31.4,2526400.0,24.55,0.0,1.0
DRI,07/10/2008,31.43,31.43,29.95,30.2,4178300.0,23.61,0.0,1.0
DRI,07/11/2008,29.68,29.95,28.71,29.21,3764000.0,22.84,0.0,1.0
DRI,07/14/2008,29.68,30.3,29.24,29.38,2207600.0,22.97,0.0,1.0
DRI,07/15/2008,28.87,29.8,27.58,29.04,3949400.0,22.7,0.0,1.0
DRI,07/16/2008,29.05,30.5,28.61,30.41,2601200.0,23.77,0.0,1.0
DRI,07/17/2008,29.75,31.82,29.22,31.71,3382700.0,24.79,0.0,1.0
DRI,07/18/2008,31.84,32.26,30.83,31.52,2584400.0,24.64,0.0,1.0
DRI,07/21/2008,31.52,31.94,30.42,30.52,1873500.0,23.86,0.0,1.0
DRI,07/22/2008,30.23,31.92,29.91,31.86,2469100.0,24.91,0.0,1.0
DRI,07/23/2008,31.98,33.95,31.35,33.44,5084000.0,26.14,0.0,1.0
DRI,07/24/2008,33.31,33.8,31.68,31.81,3884600.0,24.87,0.0,1.0
DRI,07/25/2008,32.02,32.48,31.08,31.1,1997600.0,24.31,0.0,1.0
DRI,07/28/2008,30.99,32.16,30.71,31.1,2393900.0,24.31,0.0,1.0
DRI,07/29/2008,30.51,32.58,30.21,32.5,3773300.0,25.41,0.0,1.0
DRI,07/30/2008,32.67,33.62,32.18,33.39,3269500.0,26.1,0.0,1.0
DRI,07/31/2008,33.07,33.69,32.25,32.57,2882600.0,25.46,0.0,1.0
DRI,08/01/2008,32.73,32.97,31.55,32.07,2250700.0,25.07,0.0,1.0
DRI,08/04/2008,31.98,32.56,31.55,32.18,2147600.0,25.16,0.0,1.0
DRI,08/05/2008,32.59,34.93,32.59,34.8,3818700.0,27.21,0.0,1.0
DRI,08/06/2008,34.82,34.82,33.73,34.67,2282100.0,27.1,0.0,1.0
DRI,08/07/2008,34.16,34.36,33.43,33.5,2207100.0,26.19,0.0,1.0
DRI,08/08/2008,33.33,35.9,33.02,35.65,3541000.0,27.87,0.0,1.0
DRI,08/11/2008,35.64,37.83,34.82,37.01,3345900.0,28.93,0.0,1.0
DRI,08/12/2008,36.47,36.81,35.5,35.69,2009500.0,27.9,0.0,1.0
DRI,08/13/2008,35.5,35.68,33.97,34.7,2005100.0,27.13,0.0,1.0
DRI,08/14/2008,34.29,36.21,34.0,35.73,1333200.0,27.93,0.0,1.0
DRI,08/15/2008,35.97,36.44,35.59,36.04,1591300.0,28.18,0.0,1.0
DRI,08/18/2008,36.24,36.35,34.72,34.97,2036900.0,27.34,0.0,1.0
DRI,08/19/2008,33.9,33.9,32.81,33.01,3061600.0,25.81,0.0,1.0
DRI,08/20/2008,32.89,33.34,32.25,32.51,2459200.0,25.42,0.0,1.0
DRI,08/21/2008,32.51,32.6,31.78,32.31,1602400.0,25.26,0.0,1.0
DRI,08/22/2008,32.81,33.67,32.46,33.57,1656700.0,26.24,0.0,1.0
DRI,08/25/2008,32.81,33.12,32.14,32.26,1358400.0,25.22,0.0,1.0
DRI,08/26/2008,28.26,28.82,27.26,28.25,14194800.0,22.09,0.0,1.0
DRI,08/27/2008,28.79,28.79,27.76,28.12,3060500.0,21.98,0.0,1.0
DRI,08/28/2008,28.24,28.86,27.86,28.76,2739100.0,22.48,0.0,1.0
DRI,08/29/2008,28.64,29.37,28.5,29.29,2819900.0,22.9,0.0,1.0
DRI,09/02/2008,29.75,31.9,29.45,29.78,5095700.0,23.28,0.0,1.0
DRI,09/03/2008,29.77,30.05,29.1,29.33,3188500.0,22.93,0.0,1.0
DRI,09/04/2008,29.06,29.49,28.2,29.29,4929500.0,22.9,0.0,1.0
DRI,09/05/2008,28.79,29.79,28.78,29.75,3073800.0,23.26,0.0,1.0
DRI,09/08/2008,30.61,31.55,29.48,30.73,4689600.0,24.02,0.0,1.0
DRI,09/09/2008,30.99,31.3,29.52,29.52,3612400.0,23.08,0.0,1.0
DRI,09/10/2008,29.71,31.0,29.46,30.52,3383400.0,23.86,0.0,1.0
DRI,09/11/2008,30.34,31.17,30.0,31.05,3218900.0,24.27,0.0,1.0
DRI,09/12/2008,30.44,30.75,29.7,30.43,3407000.0,23.79,0.0,1.0
DRI,09/15/2008,29.49,30.65,28.94,29.52,2668300.0,23.08,0.0,1.0
DRI,09/16/2008,29.36,30.01,29.03,29.89,2721500.0,23.37,0.0,1.0
DRI,09/17/2008,30.23,30.57,28.51,28.82,4665000.0,22.53,0.0,1.0
DRI,09/18/2008,29.25,29.7,27.84,29.44,5448700.0,23.02,0.0,1.0
DRI,09/19/2008,31.15,32.3,30.01,31.72,6058200.0,24.8,0.0,1.0
DRI,09/22/2008,31.22,31.35,29.41,29.85,2225400.0,23.34,0.0,1.0
DRI,09/23/2008,29.88,30.52,28.41,28.55,2617400.0,22.32,0.0,1.0
DRI,09/24/2008,28.73,28.73,27.93,28.03,2018200.0,21.91,0.0,1.0
DRI,09/25/2008,28.28,28.52,27.89,28.11,2144000.0,21.98,0.0,1.0
DRI,09/26/2008,27.5,28.61,27.5,28.56,2425100.0,22.33,0.0,1.0
DRI,09/29/2008,28.09,28.39,26.75,27.27,3219800.0,21.32,0.0,1.0
DRI,09/30/2008,27.81,28.95,26.71,28.63,2848500.0,22.38,0.0,1.0
DRI,10/01/2008,28.3,29.3,28.06,28.86,2739800.0,22.56,0.0,1.0
DRI,10/02/2008,28.65,28.81,28.02,28.57,2339400.0,22.34,0.0,1.0
DRI,10/03/2008,29.08,29.21,27.14,27.45,2884500.0,21.46,0.0,1.0
DRI,10/06/2008,26.13,27.0,24.56,25.87,3687600.0,20.22,0.0,1.0
DRI,10/07/2008,25.86,26.4,24.97,25.37,2731400.0,19.83,0.0,1.0
DRI,10/08/2008,24.01,25.66,24.01,24.07,4419800.0,18.97,0.2,1.0
DRI,10/09/2008,24.08,24.36,21.24,21.24,4834700.0,16.74,0.0,1.0
DRI,10/10/2008,19.74,22.48,17.8,21.43,6479500.0,16.89,0.0,1.0
DRI,10/13/2008,22.73,23.28,22.21,23.28,2149800.0,18.35,0.0,1.0
DRI,10/14/2008,24.22,24.77,21.7,22.27,3520600.0,17.55,0.0,1.0
DRI,10/15/2008,21.82,21.96,20.45,20.45,3202200.0,16.12,0.0,1.0
DRI,10/16/2008,20.18,21.0,19.7,21.0,3271000.0,16.55,0.0,1.0
DRI,10/17/2008,20.45,21.68,20.16,21.21,2923700.0,16.72,0.0,1.0
DRI,10/20/2008,21.49,22.07,21.2,21.66,2375300.0,17.07,0.0,1.0
DRI,10/21/2008,21.3,22.12,20.89,21.0,2358100.0,16.55,0.0,1.0
DRI,10/22/2008,20.5,20.66,19.13,19.63,3545100.0,15.47,0.0,1.0
DRI,10/23/2008,19.72,20.06,18.36,19.22,2642800.0,15.15,0.0,1.0
DRI,10/24/2008,17.98,19.3,17.81,18.71,2150600.0,14.75,0.0,1.0
DRI,10/27/2008,18.41,19.3,18.08,18.08,1655200.0,14.25,0.0,1.0
DRI,10/28/2008,18.6,19.7,17.07,19.7,2951800.0,15.53,0.0,1.0
DRI,10/29/2008,19.44,20.86,19.3,19.96,2173800.0,15.73,0.0,1.0
DRI,10/30/2008,20.52,21.18,20.21,20.7,1865200.0,16.32,0.0,1.0
DRI,10/31/2008,20.61,22.36,20.48,22.17,2871400.0,17.48,0.0,1.0
DRI,11/03/2008,22.17,22.92,21.52,21.77,1795800.0,17.16,0.0,1.0
DRI,11/04/2008,22.32,22.92,21.96,22.89,1639100.0,18.04,0.0,1.0
DRI,11/05/2008,22.54,22.56,20.87,20.96,2104000.0,16.52,0.0,1.0
DRI,11/06/2008,20.99,21.36,19.85,20.35,2372300.0,16.04,0.0,1.0
DRI,11/07/2008,20.56,20.76,19.07,19.59,2846100.0,15.44,0.0,1.0
DRI,11/10/2008,19.75,20.35,18.42,18.62,1552000.0,14.68,0.0,1.0
DRI,11/11/2008,18.11,18.81,17.85,18.29,1844800.0,14.42,0.0,1.0
DRI,11/12/2008,17.95,18.2,17.29,17.5,2757200.0,13.79,0.0,1.0
DRI,11/13/2008,17.32,18.6,16.35,18.38,4303300.0,14.49,0.0,1.0
DRI,11/14/2008,18.04,18.64,17.35,17.36,2204400.0,13.68,0.0,1.0
DRI,11/17/2008,17.05,17.55,16.71,16.75,1832700.0,13.2,0.0,1.0
DRI,11/18/2008,16.34,17.15,16.0,16.53,2131000.0,13.03,0.0,1.0
DRI,11/19/2008,16.5,16.64,14.89,14.94,2590000.0,11.78,0.0,1.0
DRI,11/20/2008,14.83,15.18,13.47,13.54,2938000.0,10.67,0.0,1.0
DRI,11/21/2008,13.87,14.34,13.21,14.3,2962700.0,11.27,0.0,1.0
DRI,11/24/2008,14.27,16.11,14.08,15.66,2464300.0,12.34,0.0,1.0
DRI,11/25/2008,16.36,16.71,15.54,16.58,1887500.0,13.07,0.0,1.0
DRI,11/26/2008,16.26,18.24,16.01,18.13,2525600.0,14.29,0.0,1.0
DRI,11/28/2008,18.07,18.34,17.76,18.29,707400.0,14.42,0.0,1.0
DRI,12/01/2008,17.88,17.89,16.22,16.28,2398600.0,12.83,0.0,1.0
DRI,12/02/2008,16.48,17.08,15.77,17.04,2518000.0,13.43,0.0,1.0
DRI,12/03/2008,16.94,18.23,16.77,18.14,3218000.0,14.3,0.0,1.0
DRI,12/04/2008,18.15,19.4,17.89,18.86,2984500.0,14.87,0.0,1.0
DRI,12/05/2008,18.34,20.67,18.34,20.5,4850300.0,16.16,0.0,1.0
DRI,12/08/2008,21.0,23.02,21.0,22.03,4786200.0,17.37,0.0,1.0
DRI,12/09/2008,21.88,22.18,20.66,20.98,3295200.0,16.54,0.0,1.0
DRI,12/10/2008,21.32,22.38,21.19,21.77,2746900.0,17.16,0.0,1.0
DRI,12/11/2008,21.73,21.75,19.71,20.01,3006500.0,15.77,0.0,1.0
DRI,12/12/2008,18.45,22.58,17.55,22.0,5211100.0,17.34,0.0,1.0
DRI,12/15/2008,22.13,22.52,21.07,21.47,2778200.0,16.92,0.0,1.0
DRI,12/16/2008,21.58,23.06,21.33,22.95,2816500.0,18.09,0.0,1.0
DRI,12/17/2008,22.69,24.46,22.28,24.13,3802300.0,19.02,0.0,1.0
DRI,12/18/2008,24.36,24.36,23.07,23.98,4310300.0,18.9,0.0,1.0
DRI,12/19/2008,27.66,29.03,26.02,28.55,13001800.0,22.51,0.0,1.0
DRI,12/22/2008,27.93,28.5,26.88,28.39,5234900.0,22.38,0.0,1.0
DRI,12/23/2008,28.39,28.75,27.47,27.75,2905700.0,21.87,0.0,1.0
DRI,12/24/2008,27.91,28.44,27.87,28.35,917800.0,22.35,0.0,1.0
DRI,12/26/2008,28.28,28.79,27.83,28.5,876200.0,22.47,0.0,1.0
DRI,12/29/2008,28.47,28.62,26.99,27.52,1500200.0,21.69,0.0,1.0
DRI,12/30/2008,27.92,28.05,27.45,28.02,2195900.0,22.09,0.0,1.0
DRI,12/31/2008,28.02,28.42,27.81,28.18,2175700.0,22.21,0.0,1.0
DRI,01/02/2009,28.49,29.76,27.83,29.54,2569600.0,23.29,0.0,1.0
DRI,01/05/2009,29.26,29.56,28.4,28.74,2739800.0,22.66,0.0,1.0
DRI,01/06/2009,29.09,29.34,28.05,28.94,3214300.0,22.81,0.0,1.0
DRI,01/07/2009,28.25,28.6,27.3,27.46,3392500.0,21.8,0.2,1.0
DRI,01/08/2009,27.26,28.19,26.56,27.63,3304200.0,21.94,0.0,1.0
DRI,01/09/2009,27.59,27.69,26.62,26.68,1723000.0,21.18,0.0,1.0
DRI,01/12/2009,26.5,26.89,25.22,25.71,3163300.0,20.41,0.0,1.0
DRI,01/13/2009,26.19,26.66,25.23,25.66,2223600.0,20.37,0.0,1.0
DRI,01/14/2009,24.81,25.01,24.07,24.4,2945200.0,19.37,0.0,1.0
DRI,01/15/2009,24.49,25.71,23.63,25.14,2856200.0,19.96,0.0,1.0
DRI,01/16/2009,25.62,26.1,24.94,25.97,2719400.0,20.62,0.0,1.0
DRI,01/20/2009,25.81,26.01,23.32,23.55,2937400.0,18.7,0.0,1.0
DRI,01/21/2009,23.72,25.02,23.57,24.9,3067100.0,19.77,0.0,1.0
DRI,01/22/2009,25.3,27.81,24.56,27.0,4526000.0,21.44,0.0,1.0
DRI,01/23/2009,26.25,27.03,25.99,26.63,2556600.0,21.14,0.0,1.0
DRI,01/26/2009,26.82,27.93,26.56,27.15,2210600.0,21.56,0.0,1.0
DRI,01/27/2009,27.37,28.0,26.96,27.7,2162800.0,21.99,0.0,1.0
DRI,01/28/2009,28.23,28.59,27.71,28.12,2895900.0,22.33,0.0,1.0
DRI,01/29/2009,27.31,27.96,27.1,27.37,2427800.0,21.73,0.0,1.0
DRI,01/30/2009,27.27,27.46,25.93,26.22,2221400.0,20.82,0.0,1.0
DRI,02/02/2009,25.5,26.49,25.41,26.18,1983900.0,20.79,0.0,1.0
DRI,02/03/2009,26.19,27.34,25.44,27.03,2310100.0,21.46,0.0,1.0
DRI,02/04/2009,27.03,28.44,26.59,27.89,5043300.0,22.15,0.0,1.0
DRI,02/05/2009,27.82,28.55,27.62,28.45,2396500.0,22.59,0.0,1.0
DRI,02/06/2009,28.49,29.28,28.22,28.69,2563100.0,22.78,0.0,1.0
DRI,02/09/2009,28.65,28.72,27.77,28.6,1879100.0,22.71,0.0,1.0
DRI,02/10/2009,28.29,28.6,27.0,27.24,3319200.0,21.63,0.0,1.0
DRI,02/11/2009,27.55,28.39,27.39,28.18,3400800.0,22.38,0.0,1.0
DRI,02/12/2009,27.5,29.38,27.5,29.27,5176400.0,23.24,0.0,1.0
DRI,02/13/2009,28.99,29.69,28.59,29.32,4358500.0,23.28,0.0,1.0
DRI,02/17/2009,28.31,28.53,27.61,27.98,4626000.0,22.22,0.0,1.0
DRI,02/18/2009,28.09,28.46,27.29,27.6,4104600.0,21.91,0.0,1.0
DRI,02/19/2009,27.98,28.76,27.13,27.24,2860800.0,21.63,0.0,1.0
DRI,02/20/2009,26.81,28.53,26.73,28.23,5744500.0,22.42,0.0,1.0
DRI,02/23/2009,28.52,29.0,27.33,27.39,4372600.0,21.75,0.0,1.0
DRI,02/24/2009,27.43,28.49,27.39,28.37,4684700.0,22.53,0.0,1.0
DRI,02/25/2009,28.17,28.75,27.64,28.11,4177900.0,22.32,0.0,1.0
DRI,02/26/2009,28.55,28.55,26.0,26.34,6314300.0,20.91,0.0,1.0
DRI,02/27/2009,25.99,27.44,25.82,27.14,4936600.0,21.55,0.0,1.0
DRI,03/02/2009,26.65,27.0,25.49,25.72,4343600.0,20.42,0.0,1.0
DRI,03/03/2009,25.88,26.46,24.81,25.24,3804900.0,20.04,0.0,1.0
DRI,03/04/2009,25.8,26.25,25.28,25.49,3946200.0,20.24,0.0,1.0
DRI,03/05/2009,24.99,25.74,24.26,24.73,4601500.0,19.64,0.0,1.0
DRI,03/06/2009,24.95,25.63,24.11,24.86,4002400.0,19.74,0.0,1.0
DRI,03/09/2009,24.43,25.18,24.22,24.32,2558500.0,19.31,0.0,1.0
DRI,03/10/2009,24.78,27.2,24.51,26.97,4632300.0,21.41,0.0,1.0
DRI,03/11/2009,25.92,27.33,25.92,26.79,4151100.0,21.27,0.0,1.0
DRI,03/12/2009,26.77,28.56,26.75,28.12,4789900.0,22.33,0.0,1.0
DRI,03/13/2009,28.21,28.88,27.62,28.6,3565900.0,22.71,0.0,1.0
DRI,03/16/2009,28.9,29.98,28.68,28.78,5169800.0,22.85,0.0,1.0
DRI,03/17/2009,28.72,29.9,28.35,29.9,5156600.0,23.74,0.0,1.0
DRI,03/18/2009,33.52,36.07,33.12,35.87,17815700.0,28.48,0.0,1.0
DRI,03/19/2009,35.67,36.19,34.34,34.94,6008800.0,27.74,0.0,1.0
DRI,03/20/2009,34.94,34.94,33.21,33.88,5234400.0,26.9,0.0,1.0
DRI,03/23/2009,34.38,36.16,33.8,36.16,4977900.0,28.71,0.0,1.0
DRI,03/24/2009,35.59,36.58,34.36,34.4,4606900.0,27.31,0.0,1.0
DRI,03/25/2009,34.97,35.7,33.81,35.17,4504900.0,27.93,0.0,1.0
DRI,03/26/2009,35.47,37.59,35.32,37.01,4880000.0,29.39,0.0,1.0
DRI,03/27/2009,36.11,36.45,35.32,35.41,3487000.0,28.12,0.0,1.0
DRI,03/30/2009,34.94,35.03,34.31,34.95,3489600.0,27.75,0.0,1.0
DRI,03/31/2009,35.24,35.66,33.52,34.26,3326000.0,27.2,0.0,1.0
DRI,04/01/2009,34.01,35.23,33.62,34.9,3337500.0,27.71,0.0,1.0
DRI,04/02/2009,35.76,36.93,35.19,36.28,2927200.0,28.81,0.0,1.0
DRI,04/03/2009,35.97,36.49,35.47,36.49,2789800.0,28.97,0.0,1.0
DRI,04/06/2009,36.13,36.44,35.47,35.83,2832000.0,28.45,0.0,1.0
DRI,04/07/2009,35.91,36.1,34.23,34.27,4016700.0,27.37,0.2,1.0
DRI,04/08/2009,34.35,35.89,34.35,35.83,2945900.0,28.62,0.0,1.0
DRI,04/09/2009,36.72,37.56,36.07,37.04,2734100.0,29.58,0.0,1.0
DRI,04/13/2009,36.74,38.33,36.55,37.97,3804100.0,30.32,0.0,1.0
DRI,04/14/2009,37.6,37.6,36.36,36.79,4616700.0,29.38,0.0,1.0
DRI,04/15/2009,36.19,36.78,35.55,36.66,3356800.0,29.28,0.0,1.0
DRI,04/16/2009,36.52,39.11,36.52,38.54,3914100.0,30.78,0.0,1.0
DRI,04/17/2009,38.74,39.75,38.15,39.53,3565800.0,31.57,0.0,1.0
DRI,04/20/2009,39.24,39.28,38.52,38.98,3805700.0,31.13,0.0,1.0
DRI,04/21/2009,38.02,39.25,38.02,39.12,4409400.0,31.24,0.0,1.0
DRI,04/22/2009,38.64,41.21,38.63,40.26,5439800.0,32.15,0.0,1.0
DRI,04/23/2009,40.51,41.0,39.14,40.19,3182800.0,32.1,0.0,1.0
DRI,04/24/2009,40.51,40.94,39.52,39.72,4106800.0,31.72,0.0,1.0
DRI,04/27/2009,39.15,39.55,37.83,38.53,3234500.0,30.77,0.0,1.0
DRI,04/28/2009,38.37,39.4,38.03,38.11,2340800.0,30.44,0.0,1.0
DRI,04/29/2009,38.33,38.39,36.6,36.74,3525700.0,29.34,0.0,1.0
DRI,04/30/2009,37.37,38.51,36.85,36.97,3628700.0,29.53,0.0,1.0
DRI,05/01/2009,37.24,37.29,35.82,36.12,2622200.0,28.85,0.0,1.0
DRI,05/04/2009,36.16,38.9,36.16,38.48,2797400.0,30.73,0.0,1.0
DRI,05/05/2009,38.04,39.5,37.78,38.94,2307200.0,31.1,0.0,1.0
DRI,05/06/2009,39.35,39.59,37.38,37.82,2615400.0,30.21,0.0,1.0
DRI,05/07/2009,38.27,38.88,36.88,37.06,3307800.0,29.6,0.0,1.0
DRI,05/08/2009,37.49,37.91,35.74,36.02,3223100.0,28.77,0.0,1.0
DRI,05/11/2009,35.63,36.39,34.94,35.94,3129900.0,28.7,0.0,1.0
DRI,05/12/2009,36.09,36.37,34.38,34.89,2969700.0,27.87,0.0,1.0
DRI,05/13/2009,34.25,34.5,32.92,33.38,3061200.0,26.66,0.0,1.0
DRI,05/14/2009,33.39,34.93,33.39,34.3,2368800.0,27.39,0.0,1.0
DRI,05/15/2009,34.22,34.96,33.9,34.1,1836500.0,27.23,0.0,1.0
DRI,05/18/2009,34.43,35.71,34.18,35.69,1793800.0,28.5,0.0,1.0
DRI,05/19/2009,35.81,36.32,34.86,35.34,2475600.0,28.22,0.0,1.0
DRI,05/20/2009,35.74,36.55,34.7,34.79,2323700.0,27.79,0.0,1.0
DRI,05/21/2009,34.3,35.0,33.16,33.43,2311700.0,26.7,0.0,1.0
DRI,05/22/2009,33.5,33.59,32.31,33.04,2729300.0,26.39,0.0,1.0
DRI,05/26/2009,32.72,35.96,32.51,35.64,3484700.0,28.46,0.0,1.0
DRI,05/27/2009,35.65,36.7,34.93,35.47,3447600.0,28.33,0.0,1.0
DRI,05/28/2009,35.82,36.46,34.65,35.39,2347700.0,28.26,0.0,1.0
DRI,05/29/2009,35.53,36.24,34.84,36.17,2449100.0,28.89,0.0,1.0
DRI,06/01/2009,36.77,38.1,36.63,37.59,2376300.0,30.02,0.0,1.0
DRI,06/02/2009,37.5,37.5,36.46,36.93,2112000.0,29.49,0.0,1.0
DRI,06/03/2009,36.46,36.87,35.68,36.28,2497100.0,28.98,0.0,1.0
DRI,06/04/2009,36.54,36.66,34.61,35.04,2875300.0,27.98,0.0,1.0
DRI,06/05/2009,35.6,35.83,34.71,34.93,1616200.0,27.9,0.0,1.0
DRI,06/08/2009,34.86,34.88,33.76,34.16,3569700.0,27.28,0.0,1.0
DRI,06/09/2009,34.28,34.95,34.12,34.59,1804100.0,27.63,0.0,1.0
DRI,06/10/2009,35.17,35.21,33.5,33.85,1859400.0,27.03,0.0,1.0
DRI,06/11/2009,33.9,34.23,32.79,32.97,2673600.0,26.33,0.0,1.0
DRI,06/12/2009,32.84,33.83,32.67,33.8,2025000.0,26.99,0.0,1.0
DRI,06/15/2009,33.32,33.96,32.78,33.87,2648900.0,27.05,0.0,1.0
DRI,06/16/2009,34.04,34.12,32.96,33.07,2308300.0,26.41,0.0,1.0
DRI,06/17/2009,33.02,33.77,32.32,33.1,2417600.0,26.44,0.0,1.0
DRI,06/18/2009,33.1,34.03,32.25,33.54,2464800.0,26.79,0.0,1.0
DRI,06/19/2009,34.04,35.02,33.86,34.7,2948400.0,27.71,0.0,1.0
DRI,06/22/2009,34.16,35.15,33.7,34.24,4537300.0,27.35,0.0,1.0
DRI,06/23/2009,34.34,34.72,32.87,33.0,5083700.0,26.36,0.0,1.0
DRI,06/24/2009,32.16,33.26,31.7,31.94,9316600.0,25.51,0.0,1.0
DRI,06/25/2009,31.69,33.33,31.69,32.78,5169100.0,26.18,0.0,1.0
DRI,06/26/2009,32.47,32.88,32.05,32.21,3566300.0,25.72,0.0,1.0
DRI,06/29/2009,32.41,33.94,32.29,33.78,3209200.0,26.98,0.0,1.0
DRI,06/30/2009,33.78,34.17,32.78,32.98,3089800.0,26.34,0.0,1.0
DRI,07/01/2009,33.34,34.33,33.02,34.07,2404000.0,27.21,0.0,1.0
DRI,07/02/2009,33.51,33.64,33.02,33.07,1741300.0,26.41,0.0,1.0
DRI,07/06/2009,32.96,33.36,32.49,33.22,2609800.0,26.53,0.0,1.0
DRI,07/07/2009,33.39,33.39,32.09,32.15,2262000.0,25.68,0.0,1.0
DRI,07/08/2009,32.08,32.74,31.8,32.36,2387900.0,26.04,0.25,1.0
DRI,07/09/2009,32.56,32.73,31.83,32.46,1908300.0,26.12,0.0,1.0
DRI,07/10/2009,32.16,33.08,31.95,32.36,1831500.0,26.04,0.0,1.0
DRI,07/13/2009,32.35,32.8,31.7,32.69,2118600.0,26.31,0.0,1.0
DRI,07/14/2009,32.81,33.76,32.28,33.69,3351800.0,27.11,0.0,1.0
DRI,07/15/2009,34.0,34.0,32.98,33.32,3057000.0,26.82,0.0,1.0
DRI,07/16/2009,33.31,34.01,32.94,33.86,2069100.0,27.25,0.0,1.0
DRI,07/17/2009,34.14,34.14,33.3,33.71,1853700.0,27.13,0.0,1.0
DRI,07/20/2009,33.99,34.22,33.48,33.98,1827400.0,27.35,0.0,1.0
DRI,07/21/2009,34.36,34.36,33.02,33.62,2420000.0,27.06,0.0,1.0
DRI,07/22/2009,33.85,34.79,33.55,34.11,2379500.0,27.45,0.0,1.0
DRI,07/23/2009,34.08,34.73,33.49,34.19,2899000.0,27.52,0.0,1.0
DRI,07/24/2009,33.99,34.3,33.11,33.52,2538500.0,26.98,0.0,1.0
DRI,07/27/2009,33.44,33.86,32.97,33.65,2120400.0,27.08,0.0,1.0
DRI,07/28/2009,33.53,33.64,33.01,33.51,1578100.0,26.97,0.0,1.0
DRI,07/29/2009,33.4,33.62,32.43,32.55,2177200.0,26.2,0.0,1.0
DRI,07/30/2009,32.9,33.36,32.66,32.86,1790200.0,26.45,0.0,1.0
DRI,07/31/2009,32.94,33.08,32.25,32.39,2394300.0,26.07,0.0,1.0
DRI,08/03/2009,32.93,33.37,32.59,33.29,2136300.0,26.79,0.0,1.0
DRI,08/04/2009,33.25,34.21,33.04,33.76,2433400.0,27.17,0.0,1.0
DRI,08/05/2009,33.75,34.23,33.46,34.03,1647100.0,27.39,0.0,1.0
DRI,08/06/2009,32.65,33.1,32.0,32.1,3798000.0,25.83,0.0,1.0
DRI,08/07/2009,32.34,32.94,31.8,31.92,3014100.0,25.69,0.0,1.0
DRI,08/10/2009,31.93,32.69,31.93,32.61,2858000.0,26.25,0.0,1.0
DRI,08/11/2009,32.63,32.74,31.71,31.75,2143000.0,25.55,0.0,1.0
DRI,08/12/2009,31.7,32.05,31.05,31.21,4139300.0,25.12,0.0,1.0
DRI,08/13/2009,31.5,31.84,30.83,31.19,3528200.0,25.1,0.0,1.0
DRI,08/14/2009,31.31,31.77,30.97,31.71,3832500.0,25.52,0.0,1.0
DRI,08/17/2009,31.2,31.6,30.79,31.21,3182600.0,25.12,0.0,1.0
DRI,08/18/2009,31.28,31.68,30.92,31.6,2765900.0,25.43,0.0,1.0
DRI,08/19/2009,31.1,32.01,31.0,31.94,2874800.0,25.71,0.0,1.0
DRI,08/20/2009,31.94,32.74,31.92,32.6,2003300.0,26.24,0.0,1.0
DRI,08/21/2009,32.9,33.37,32.56,33.27,2708900.0,26.78,0.0,1.0
DRI,08/24/2009,33.45,33.68,33.04,33.25,3001100.0,26.76,0.0,1.0
DRI,08/25/2009,33.45,33.98,33.26,33.6,2170400.0,27.04,0.0,1.0
DRI,08/26/2009,33.48,33.96,33.33,33.79,1673100.0,27.2,0.0,1.0
DRI,08/27/2009,33.57,33.85,32.92,33.73,2025800.0,27.15,0.0,1.0
DRI,08/28/2009,33.91,33.93,33.28,33.52,2173800.0,26.98,0.0,1.0
DRI,08/31/2009,33.23,33.48,32.75,32.93,2299500.0,26.5,0.0,1.0
DRI,09/01/2009,32.99,33.8,32.69,32.96,2382300.0,26.53,0.0,1.0
DRI,09/02/2009,32.78,33.41,32.74,33.01,1388200.0,26.57,0.0,1.0
DRI,09/03/2009,33.15,33.71,32.89,33.67,1817000.0,27.1,0.0,1.0
DRI,09/04/2009,33.86,34.45,33.6,34.41,1290500.0,27.69,0.0,1.0
DRI,09/08/2009,34.82,35.0,33.99,34.15,3041300.0,27.48,0.0,1.0
DRI,09/09/2009,34.12,34.71,33.7,34.7,2006900.0,27.93,0.0,1.0
DRI,09/10/2009,34.69,34.98,34.18,34.7,2393900.0,27.93,0.0,1.0
DRI,09/11/2009,34.82,34.98,34.22,34.55,2015800.0,27.81,0.0,1.0
DRI,09/14/2009,34.32,35.13,34.25,34.9,1722900.0,28.09,0.0,1.0
DRI,09/15/2009,34.86,35.13,34.69,34.95,2950300.0,28.13,0.0,1.0
DRI,09/16/2009,34.99,36.51,34.99,36.36,3653800.0,29.26,0.0,1.0
DRI,09/17/2009,36.33,36.99,35.99,36.64,2184600.0,29.49,0.0,1.0
DRI,09/18/2009,36.88,37.31,36.41,37.12,2443100.0,29.88,0.0,1.0
DRI,09/21/2009,36.74,37.01,36.4,36.72,2818000.0,29.55,0.0,1.0
DRI,09/22/2009,36.88,37.0,36.44,36.78,3237700.0,29.6,0.0,1.0
DRI,09/23/2009,36.76,36.78,35.06,35.08,4174000.0,28.23,0.0,1.0
DRI,09/24/2009,35.36,35.62,34.63,35.44,3512000.0,28.52,0.0,1.0
DRI,09/25/2009,35.35,35.86,35.12,35.6,3047900.0,28.65,0.0,1.0
DRI,09/28/2009,35.67,36.74,35.5,36.14,3837600.0,29.09,0.0,1.0
DRI,09/29/2009,36.32,36.83,35.87,36.15,3212900.0,29.09,0.0,1.0
DRI,09/30/2009,33.53,34.19,32.51,34.13,12749600.0,27.47,0.0,1.0
DRI,10/01/2009,33.89,34.09,33.05,33.15,5191300.0,26.68,0.0,1.0
DRI,10/02/2009,32.86,33.54,32.62,33.2,2819800.0,26.72,0.0,1.0
DRI,10/05/2009,33.15,33.85,33.12,33.7,2427300.0,27.12,0.0,1.0
DRI,10/06/2009,34.06,34.06,33.09,33.45,4271800.0,26.92,0.0,1.0
DRI,10/07/2009,33.2,33.43,32.7,32.89,2905700.0,26.67,0.25,1.0
DRI,10/08/2009,33.15,33.67,32.89,32.93,3901700.0,26.7,0.0,1.0
DRI,10/09/2009,32.81,33.27,32.58,32.99,2374700.0,26.75,0.0,1.0
DRI,10/12/2009,33.39,33.48,33.12,33.3,2330500.0,27.0,0.0,1.0
DRI,10/13/2009,33.25,33.33,32.89,32.98,2007500.0,26.74,0.0,1.0
DRI,10/14/2009,33.28,33.5,32.66,32.75,2463600.0,26.56,0.0,1.0
DRI,10/15/2009,32.64,33.44,32.64,33.37,2286100.0,27.06,0.0,1.0
DRI,10/16/2009,33.06,33.46,32.94,33.21,2255400.0,26.93,0.0,1.0
DRI,10/19/2009,33.45,33.57,32.69,33.55,2386400.0,27.21,0.0,1.0
DRI,10/20/2009,33.67,33.71,31.51,32.6,5075200.0,26.44,0.0,1.0
DRI,10/21/2009,32.38,32.82,31.13,31.17,5837600.0,25.28,0.0,1.0
DRI,10/22/2009,31.32,32.16,31.15,31.89,3479500.0,25.86,0.0,1.0
DRI,10/23/2009,32.06,32.06,31.15,31.29,3722500.0,25.37,0.0,1.0
DRI,10/26/2009,31.31,31.63,31.06,31.39,3448100.0,25.46,0.0,1.0
DRI,10/27/2009,31.37,31.49,30.52,31.11,2817500.0,25.23,0.0,1.0
DRI,10/28/2009,30.97,31.62,30.82,30.87,2430200.0,25.03,0.0,1.0
DRI,10/29/2009,31.21,31.52,30.98,31.3,1657800.0,25.38,0.0,1.0
DRI,10/30/2009,31.26,31.59,30.29,30.31,2676700.0,24.58,0.0,1.0
DRI,11/02/2009,30.36,30.75,29.94,30.41,2292000.0,24.66,0.0,1.0
DRI,11/03/2009,30.34,30.99,30.04,30.99,2526200.0,25.13,0.0,1.0
DRI,11/04/2009,31.17,32.2,31.12,31.88,3592200.0,25.85,0.0,1.0
DRI,11/05/2009,32.18,33.07,32.07,32.78,2764600.0,26.58,0.0,1.0
DRI,11/06/2009,32.72,33.4,32.33,32.65,2030700.0,26.48,0.0,1.0
DRI,11/09/2009,32.99,33.09,32.46,32.66,3059000.0,26.49,0.0,1.0
DRI,11/10/2009,32.42,33.06,32.29,32.56,2635200.0,26.4,0.0,1.0
DRI,11/11/2009,32.89,32.93,32.29,32.62,2038000.0,26.45,0.0,1.0
DRI,11/12/2009,32.63,32.79,31.78,31.88,3217000.0,25.85,0.0,1.0
DRI,11/13/2009,31.87,32.26,31.71,32.1,1613800.0,26.03,0.0,1.0
DRI,11/16/2009,32.38,32.78,32.24,32.78,2262800.0,26.58,0.0,1.0
DRI,11/17/2009,32.78,32.9,32.35,32.48,1766000.0,26.34,0.0,1.0
DRI,11/18/2009,32.42,32.66,32.08,32.52,1721800.0,26.37,0.0,1.0
DRI,11/19/2009,32.45,32.45,31.58,31.7,1829000.0,25.71,0.0,1.0
DRI,11/20/2009,31.4,31.82,31.06,31.44,2099600.0,25.5,0.0,1.0
DRI,11/23/2009,31.75,32.13,31.64,31.8,1410100.0,25.79,0.0,1.0
DRI,11/24/2009,31.92,31.92,31.12,31.37,2290700.0,25.44,0.0,1.0
DRI,11/25/2009,31.33,31.43,30.8,31.11,2817600.0,25.23,0.0,1.0
DRI,11/27/2009,30.46,31.36,30.34,31.15,806200.0,25.26,0.0,1.0
DRI,11/30/2009,31.11,31.5,30.95,31.43,1913500.0,25.49,0.0,1.0
DRI,12/01/2009,31.77,32.1,31.33,31.83,1676400.0,25.81,0.0,1.0
DRI,12/02/2009,31.74,32.46,31.69,32.31,2083600.0,26.2,0.0,1.0
DRI,12/03/2009,32.16,32.3,31.57,31.64,1838200.0,25.66,0.0,1.0
DRI,12/04/2009,32.14,32.5,31.55,32.21,1963100.0,26.12,0.0,1.0
DRI,12/07/2009,32.24,32.43,32.05,32.15,984700.0,26.07,0.0,1.0
DRI,12/08/2009,31.84,32.25,31.71,31.91,1466900.0,25.88,0.0,1.0
DRI,12/09/2009,31.93,32.2,31.73,31.94,1432900.0,25.9,0.0,1.0
DRI,12/10/2009,32.2,32.58,32.07,32.13,2052500.0,26.06,0.0,1.0
DRI,12/11/2009,32.49,32.62,32.27,32.45,2336100.0,26.32,0.0,1.0
DRI,12/14/2009,32.63,32.65,32.26,32.32,2860000.0,26.21,0.0,1.0
DRI,12/15/2009,32.36,32.94,32.11,32.56,2199300.0,26.4,0.0,1.0
DRI,12/16/2009,33.5,33.91,33.05,33.36,3298500.0,27.05,0.0,1.0
DRI,12/17/2009,33.04,33.25,32.67,32.75,2276700.0,26.56,0.0,1.0
DRI,12/18/2009,33.01,35.18,33.0,35.13,6167200.0,28.49,0.0,1.0
DRI,12/21/2009,35.09,35.92,34.96,35.65,2478700.0,28.91,0.0,1.0
DRI,12/22/2009,35.6,36.1,35.52,35.92,2244100.0,29.13,0.0,1.0
DRI,12/23/2009,36.12,36.12,35.51,35.94,1501600.0,29.15,0.0,1.0
DRI,12/24/2009,35.86,35.96,35.54,35.93,615700.0,29.14,0.0,1.0
DRI,12/28/2009,35.85,35.93,35.15,35.44,1938200.0,28.74,0.0,1.0
DRI,12/29/2009,35.61,35.96,35.45,35.52,1071900.0,28.8,0.0,1.0
DRI,12/30/2009,35.5,35.57,35.1,35.23,1395100.0,28.57,0.0,1.0
DRI,12/31/2009,35.25,35.49,35.04,35.07,1175200.0,28.44,0.0,1.0
DRI,01/04/2010,35.44,35.44,34.71,35.0,2228100.0,28.38,0.0,1.0
DRI,01/05/2010,35.06,35.07,34.21,34.85,2735200.0,28.26,0.0,1.0
DRI,01/06/2010,34.77,34.77,34.37,34.39,3094500.0,28.09,0.25,1.0
DRI,01/07/2010,34.46,35.03,34.2,34.71,2487200.0,28.35,0.0,1.0
DRI,01/08/2010,34.53,34.74,34.09,34.13,2268200.0,27.88,0.0,1.0
DRI,01/11/2010,34.42,34.42,33.84,34.04,1478900.0,27.81,0.0,1.0
DRI,01/12/2010,33.79,34.28,33.72,33.88,1430400.0,27.67,0.0,1.0
DRI,01/13/2010,33.92,34.18,33.75,34.11,1059700.0,27.86,0.0,1.0
DRI,01/14/2010,34.02,35.95,33.98,35.77,3645600.0,29.22,0.0,1.0
DRI,01/15/2010,35.86,35.86,35.07,35.3,2371200.0,28.83,0.0,1.0
DRI,01/19/2010,35.35,35.89,35.25,35.84,1641800.0,29.28,0.0,1.0
DRI,01/20/2010,36.56,37.86,36.25,36.53,3585800.0,29.84,0.0,1.0
DRI,01/21/2010,36.6,37.25,36.47,36.55,2590600.0,29.86,0.0,1.0
DRI,01/22/2010,36.39,36.84,36.08,36.16,2459600.0,29.54,0.0,1.0
DRI,01/25/2010,36.42,36.44,35.86,36.01,1919700.0,29.41,0.0,1.0
DRI,01/26/2010,35.97,36.95,35.93,36.48,2812500.0,29.8,0.0,1.0
DRI,01/27/2010,36.48,36.76,36.25,36.62,2345900.0,29.91,0.0,1.0
DRI,01/28/2010,36.75,37.59,36.69,37.45,3867900.0,30.59,0.0,1.0
DRI,01/29/2010,37.45,37.75,36.83,36.96,3536300.0,30.19,0.0,1.0
DRI,02/01/2010,37.15,37.92,37.03,37.85,2818900.0,30.92,0.0,1.0
DRI,02/02/2010,37.87,38.64,37.64,38.29,2352000.0,31.28,0.0,1.0
DRI,02/03/2010,38.37,38.5,37.88,38.02,1600100.0,31.06,0.0,1.0
DRI,02/04/2010,37.71,38.07,37.36,37.4,3326600.0,30.55,0.0,1.0
DRI,02/05/2010,37.48,38.0,37.0,37.59,2631300.0,30.7,0.0,1.0
DRI,02/08/2010,37.66,38.07,37.51,37.53,1725900.0,30.66,0.0,1.0
DRI,02/09/2010,37.89,38.59,37.71,38.41,1852100.0,31.37,0.0,1.0
DRI,02/10/2010,38.36,38.48,37.96,38.05,2040300.0,31.08,0.0,1.0
DRI,02/11/2010,37.91,38.76,37.64,38.76,2335500.0,31.66,0.0,1.0
DRI,02/12/2010,38.33,39.05,38.09,38.99,2069500.0,31.85,0.0,1.0
DRI,02/16/2010,40.12,40.87,40.04,40.41,4534500.0,33.01,0.0,1.0
DRI,02/17/2010,40.71,40.99,40.48,40.59,1979700.0,33.16,0.0,1.0
DRI,02/18/2010,40.5,40.75,40.33,40.52,1500700.0,33.1,0.0,1.0
DRI,02/19/2010,40.5,41.06,40.49,41.05,1642700.0,33.53,0.0,1.0
DRI,02/22/2010,41.18,41.2,40.73,41.05,1440600.0,33.53,0.0,1.0
DRI,02/23/2010,40.95,41.34,40.4,40.62,2061500.0,33.18,0.0,1.0
DRI,02/24/2010,40.83,41.0,40.63,40.99,1373600.0,33.48,0.0,1.0
DRI,02/25/2010,40.54,40.6,39.9,40.33,3051300.0,32.94,0.0,1.0
DRI,02/26/2010,40.4,40.72,40.33,40.55,1268400.0,33.12,0.0,1.0
DRI,03/01/2010,40.67,41.28,40.3,41.15,1613400.0,33.61,0.0,1.0
DRI,03/02/2010,41.06,41.39,40.45,40.51,2881600.0,33.09,0.0,1.0
DRI,03/03/2010,40.72,41.0,40.49,40.59,1648800.0,33.16,0.0,1.0
DRI,03/04/2010,40.59,40.78,40.25,40.45,1989100.0,33.04,0.0,1.0
DRI,03/05/2010,40.6,41.0,40.56,40.98,2042800.0,33.47,0.0,1.0
DRI,03/08/2010,41.06,42.26,41.0,41.99,2175300.0,34.3,0.0,1.0
DRI,03/09/2010,41.83,42.58,41.78,42.03,2077000.0,34.33,0.0,1.0
DRI,03/10/2010,41.94,42.28,41.59,42.25,1415500.0,34.51,0.0,1.0
DRI,03/11/2010,41.98,42.66,41.98,42.28,1584900.0,34.54,0.0,1.0
DRI,03/12/2010,42.37,42.48,41.7,42.02,2628400.0,34.32,0.0,1.0
DRI,03/15/2010,42.0,42.59,41.93,42.44,2294400.0,34.67,0.0,1.0
DRI,03/16/2010,42.47,42.88,42.19,42.6,2524100.0,34.8,0.0,1.0
DRI,03/17/2010,42.91,43.58,42.72,43.49,1877400.0,35.52,0.0,1.0
DRI,03/18/2010,43.61,43.98,43.32,43.49,1725300.0,35.52,0.0,1.0
DRI,03/19/2010,43.58,43.92,43.55,43.65,1873000.0,35.65,0.0,1.0
DRI,03/22/2010,43.47,44.19,43.3,44.13,1805300.0,36.05,0.0,1.0
DRI,03/23/2010,44.11,44.16,43.08,43.91,3023700.0,35.87,0.0,1.0
DRI,03/24/2010,43.67,45.07,42.91,44.91,5545500.0,36.68,0.0,1.0
DRI,03/25/2010,45.28,45.28,44.55,44.69,2639800.0,36.5,0.0,1.0
DRI,03/26/2010,44.35,44.74,43.99,44.29,2761100.0,36.18,0.0,1.0
DRI,03/29/2010,44.32,45.0,44.28,44.97,2018600.0,36.73,0.0,1.0
DRI,03/30/2010,44.84,45.29,44.55,44.8,1536100.0,36.59,0.0,1.0
DRI,03/31/2010,44.6,44.84,44.18,44.54,1646500.0,36.38,0.0,1.0
DRI,04/01/2010,44.8,45.01,44.05,44.5,1717500.0,36.35,0.0,1.0
DRI,04/05/2010,44.5,45.51,44.5,45.51,1408500.0,37.17,0.0,1.0
DRI,04/06/2010,45.44,45.45,44.96,45.01,1778100.0,36.77,0.0,1.0
DRI,04/07/2010,45.79,46.55,45.5,46.39,4967200.0,38.1,0.25,1.0
DRI,04/08/2010,46.36,46.65,45.99,46.38,2360300.0,38.09,0.0,1.0
DRI,04/09/2010,46.37,46.8,45.96,46.8,1885500.0,38.43,0.0,1.0
DRI,04/12/2010,46.71,47.05,46.66,46.89,1492500.0,38.51,0.0,1.0
DRI,04/13/2010,46.88,47.05,46.57,47.0,1523700.0,38.6,0.0,1.0
DRI,04/14/2010,47.01,47.37,46.96,47.37,2156900.0,38.9,0.0,1.0
DRI,04/15/2010,47.23,47.42,46.78,46.92,2003900.0,38.53,0.0,1.0
DRI,04/16/2010,46.7,47.19,46.6,46.86,2984400.0,38.48,0.0,1.0
DRI,04/19/2010,46.85,47.24,46.5,47.21,2714800.0,38.77,0.0,1.0
DRI,04/20/2010,47.06,47.23,46.58,47.12,2304000.0,38.7,0.0,1.0
DRI,04/21/2010,47.13,47.46,46.88,47.4,1476000.0,38.93,0.0,1.0
DRI,04/22/2010,47.24,48.87,47.24,48.66,2247600.0,39.96,0.0,1.0
DRI,04/23/2010,48.82,49.01,48.31,48.68,1313800.0,39.98,0.0,1.0
DRI,04/26/2010,48.66,48.7,47.92,48.01,1729000.0,39.43,0.0,1.0
DRI,04/27/2010,47.82,48.38,46.95,47.01,1801900.0,38.61,0.0,1.0
DRI,04/28/2010,46.66,47.0,45.67,45.78,2668900.0,37.6,0.0,1.0
DRI,04/29/2010,46.09,46.57,45.74,46.1,2783600.0,37.86,0.0,1.0
DRI,04/30/2010,46.12,46.44,44.75,44.75,2367400.0,36.75,0.0,1.0
DRI,05/03/2010,45.0,45.74,44.75,45.46,1781700.0,37.33,0.0,1.0
DRI,05/04/2010,45.03,45.03,43.67,43.84,2274100.0,36.0,0.0,1.0
DRI,05/05/2010,43.31,45.2,43.15,43.67,2785300.0,35.86,0.0,1.0
DRI,05/06/2010,43.65,44.29,40.95,42.89,3005100.0,35.22,0.0,1.0
DRI,05/07/2010,42.92,43.59,41.86,42.61,2936600.0,34.99,0.0,1.0
DRI,05/10/2010,44.1,44.68,43.62,44.38,1960800.0,36.45,0.0,1.0
DRI,05/11/2010,43.96,45.63,43.87,44.73,1962200.0,36.73,0.0,1.0
DRI,05/12/2010,44.93,45.21,44.67,45.12,1247600.0,37.05,0.0,1.0
DRI,05/13/2010,44.93,45.09,44.18,44.2,1533500.0,36.3,0.0,1.0
DRI,05/14/2010,43.99,44.06,43.1,43.47,1378900.0,35.7,0.0,1.0
DRI,05/17/2010,43.47,44.08,42.62,43.97,2151200.0,36.11,0.0,1.0
DRI,05/18/2010,44.35,44.83,43.72,43.73,1442300.0,35.91,0.0,1.0
DRI,05/19/2010,43.49,43.85,42.71,43.59,1754900.0,35.8,0.0,1.0
DRI,05/20/2010,42.76,43.01,41.92,41.93,1920900.0,34.43,0.0,1.0
DRI,05/21/2010,40.63,41.93,40.38,41.6,3384900.0,34.16,0.0,1.0
DRI,05/24/2010,41.59,41.85,41.21,41.33,1928600.0,33.94,0.0,1.0
DRI,05/25/2010,40.46,41.72,39.79,41.64,1989700.0,34.2,0.0,1.0
DRI,05/26/2010,41.89,42.73,41.85,42.06,2319600.0,34.54,0.0,1.0
DRI,05/27/2010,42.66,43.79,42.63,43.74,1515400.0,35.92,0.0,1.0
DRI,05/28/2010,43.57,43.9,42.83,42.9,2142600.0,35.23,0.0,1.0
DRI,06/01/2010,42.69,43.67,42.25,43.11,2625700.0,35.4,0.0,1.0
DRI,06/02/2010,43.23,44.17,42.95,44.11,2011300.0,36.22,0.0,1.0
DRI,06/03/2010,44.06,44.5,43.47,43.81,2591900.0,35.98,0.0,1.0
DRI,06/04/2010,42.9,43.31,42.03,42.27,2294800.0,34.71,0.0,1.0
DRI,06/07/2010,42.41,42.54,41.0,41.15,2841000.0,33.79,0.0,1.0
DRI,06/08/2010,41.28,41.55,40.47,41.44,1695200.0,34.03,0.0,1.0
DRI,06/09/2010,41.78,42.81,41.55,41.86,1939000.0,34.38,0.0,1.0
DRI,06/10/2010,42.1,42.95,42.1,42.8,1160300.0,35.15,0.0,1.0
DRI,06/11/2010,42.38,43.31,42.31,43.29,1020700.0,35.55,0.0,1.0
DRI,06/14/2010,43.63,44.19,43.5,43.8,1632300.0,35.97,0.0,1.0
DRI,06/15/2010,43.98,44.37,43.84,44.27,1398900.0,36.36,0.0,1.0
DRI,06/16/2010,44.14,44.93,44.04,44.66,1652500.0,36.68,0.0,1.0
DRI,06/17/2010,44.9,44.98,44.19,44.54,1769700.0,36.58,0.0,1.0
DRI,06/18/2010,44.79,45.04,44.33,44.48,2009300.0,36.53,0.0,1.0
DRI,06/21/2010,44.83,44.9,42.6,42.92,3659700.0,35.25,0.0,1.0
DRI,06/22/2010,42.8,43.72,42.34,42.39,2649400.0,34.81,0.0,1.0
DRI,06/23/2010,42.47,42.47,41.02,41.9,3663800.0,34.41,0.0,1.0
DRI,06/24/2010,41.06,41.5,39.26,39.46,6613400.0,32.41,0.0,1.0
DRI,06/25/2010,39.51,40.08,38.77,39.0,4217600.0,32.03,0.0,1.0
DRI,06/28/2010,39.29,39.91,39.03,39.67,2768000.0,32.58,0.0,1.0
DRI,06/29/2010,39.27,39.52,38.77,38.98,3565200.0,32.01,0.0,1.0
DRI,06/30/2010,39.0,39.65,38.79,38.85,2348500.0,31.91,0.0,1.0
DRI,07/01/2010,38.76,39.3,37.79,39.21,3131600.0,32.2,0.0,1.0
DRI,07/02/2010,39.25,39.46,38.44,38.48,1860700.0,31.6,0.0,1.0
DRI,07/06/2010,39.1,39.18,37.35,37.61,2700600.0,30.89,0.0,1.0
DRI,07/07/2010,37.23,38.3,37.08,38.29,3038400.0,31.71,0.32,1.0
DRI,07/08/2010,38.51,38.98,38.17,38.49,2983600.0,31.87,0.0,1.0
DRI,07/09/2010,38.55,39.47,38.32,39.43,2356900.0,32.65,0.0,1.0
DRI,07/12/2010,39.34,39.7,38.96,39.68,1824200.0,32.86,0.0,1.0
DRI,07/13/2010,40.18,41.44,40.18,41.2,3023400.0,34.12,0.0,1.0
DRI,07/14/2010,41.02,41.26,40.54,40.86,1840000.0,33.84,0.0,1.0
DRI,07/15/2010,40.81,41.17,40.29,41.11,1538500.0,34.04,0.0,1.0
DRI,07/16/2010,40.86,40.91,39.64,39.76,1648400.0,32.93,0.0,1.0
DRI,07/19/2010,39.81,40.02,39.32,39.71,1568800.0,32.88,0.0,1.0
DRI,07/20/2010,39.39,40.87,39.25,40.82,2439800.0,33.8,0.0,1.0
DRI,07/21/2010,40.86,41.26,40.34,40.68,2917800.0,33.69,0.0,1.0
DRI,07/22/2010,41.07,42.7,41.06,42.57,3143500.0,35.25,0.0,1.0
DRI,07/23/2010,42.19,42.99,42.16,42.57,2129800.0,35.25,0.0,1.0
DRI,07/26/2010,42.53,43.56,42.45,43.47,1711000.0,36.0,0.0,1.0
DRI,07/27/2010,43.77,43.94,43.05,43.18,1669600.0,35.76,0.0,1.0
DRI,07/28/2010,43.15,43.44,42.36,42.58,1662600.0,35.26,0.0,1.0
DRI,07/29/2010,42.9,43.0,41.69,41.97,2252800.0,34.76,0.0,1.0
DRI,07/30/2010,41.69,42.1,41.25,41.89,1293700.0,34.69,0.0,1.0
DRI,08/02/2010,42.48,42.7,41.53,42.3,2723400.0,35.03,0.0,1.0
DRI,08/03/2010,42.34,42.34,41.61,42.18,2273400.0,34.93,0.0,1.0
DRI,08/04/2010,42.38,42.63,42.0,42.31,1453200.0,35.04,0.0,1.0
DRI,08/05/2010,42.09,42.23,41.65,42.13,1194300.0,34.89,0.0,1.0
DRI,08/06/2010,41.75,41.89,41.12,41.82,1456300.0,34.63,0.0,1.0
DRI,08/09/2010,41.92,42.87,41.92,42.63,1271100.0,35.3,0.0,1.0
DRI,08/10/2010,42.36,42.6,42.02,42.24,1453200.0,34.98,0.0,1.0
DRI,08/11/2010,41.53,41.53,40.27,40.33,2005500.0,33.4,0.0,1.0
DRI,08/12/2010,39.83,40.81,39.83,40.46,2128900.0,33.51,0.0,1.0
DRI,08/13/2010,40.27,40.35,39.63,39.65,1423900.0,32.83,0.0,1.0
DRI,08/16/2010,39.48,40.55,39.36,40.21,1148200.0,33.3,0.0,1.0
DRI,08/17/2010,40.6,41.51,40.34,40.97,1733300.0,33.93,0.0,1.0
DRI,08/18/2010,41.03,42.04,40.73,41.56,1820200.0,34.42,0.0,1.0
DRI,08/19/2010,41.32,41.62,40.75,41.06,1101300.0,34.0,0.0,1.0
DRI,08/20/2010,40.9,41.37,40.83,41.27,1289400.0,34.18,0.0,1.0
DRI,08/23/2010,41.49,41.99,41.18,41.22,782200.0,34.13,0.0,1.0
DRI,08/24/2010,40.76,40.85,40.05,40.41,1012200.0,33.46,0.0,1.0
DRI,08/25/2010,40.12,41.03,40.05,40.84,1893200.0,33.82,0.0,1.0
DRI,08/26/2010,40.95,41.73,40.94,41.5,1748500.0,34.37,0.0,1.0
DRI,08/27/2010,41.77,42.6,41.24,42.49,1454400.0,35.19,0.0,1.0
DRI,08/30/2010,42.39,42.88,41.38,41.38,1556400.0,34.27,0.0,1.0
DRI,08/31/2010,41.21,41.63,41.03,41.26,1378200.0,34.17,0.0,1.0
DRI,09/01/2010,41.69,42.9,41.69,42.72,1721500.0,35.38,0.0,1.0
DRI,09/02/2010,42.64,44.47,42.64,44.22,2257500.0,36.62,0.0,1.0
DRI,09/03/2010,44.5,45.27,44.26,44.56,1259800.0,36.9,0.0,1.0
DRI,09/07/2010,44.73,45.27,44.29,44.38,1399700.0,36.75,0.0,1.0
DRI,09/08/2010,44.75,44.84,44.1,44.37,1860500.0,36.74,0.0,1.0
DRI,09/09/2010,44.32,44.37,43.75,43.89,1595200.0,36.35,0.0,1.0
DRI,09/10/2010,43.96,44.99,43.91,44.75,1546100.0,37.06,0.0,1.0
DRI,09/13/2010,45.0,45.6,44.52,45.52,2140000.0,37.7,0.0,1.0
DRI,09/14/2010,45.48,46.19,45.2,45.62,1212200.0,37.78,0.0,1.0
DRI,09/15/2010,45.5,45.77,45.17,45.67,1158200.0,37.82,0.0,1.0
DRI,09/16/2010,45.39,45.56,44.57,45.0,1823600.0,37.26,0.0,1.0
DRI,09/17/2010,45.47,45.56,44.6,44.73,2102200.0,37.04,0.0,1.0
DRI,09/20/2010,45.01,45.3,44.75,45.03,1871400.0,37.29,0.0,1.0
DRI,09/21/2010,45.0,45.1,43.97,44.02,3081700.0,36.45,0.0,1.0
DRI,09/22/2010,43.0,43.53,42.59,43.43,4078400.0,35.96,0.0,1.0
DRI,09/23/2010,43.06,43.76,42.94,43.09,1929800.0,35.68,0.0,1.0
DRI,09/24/2010,43.67,44.19,43.25,43.61,2375000.0,36.11,0.0,1.0
DRI,09/27/2010,43.43,43.85,43.28,43.37,2106100.0,35.91,0.0,1.0
DRI,09/28/2010,43.31,43.67,42.72,43.62,1500000.0,36.12,0.0,1.0
DRI,09/29/2010,43.4,43.63,42.9,43.06,2431500.0,35.66,0.0,1.0
DRI,09/30/2010,43.22,43.56,42.37,42.78,3498800.0,35.43,0.0,1.0
DRI,10/01/2010,43.17,43.34,42.5,42.99,1854700.0,35.6,0.0,1.0
DRI,10/04/2010,42.94,43.17,42.55,43.0,1481300.0,35.61,0.0,1.0
DRI,10/05/2010,43.45,44.25,43.34,44.01,1696700.0,36.44,0.0,1.0
DRI,10/06/2010,43.69,44.02,43.35,43.62,1790600.0,36.39,0.32,1.0
DRI,10/07/2010,43.71,44.31,43.53,44.31,2128000.0,36.96,0.0,1.0
DRI,10/08/2010,44.35,44.35,43.75,44.12,1556500.0,36.8,0.0,1.0
DRI,10/11/2010,44.12,44.44,43.86,44.17,1151600.0,36.85,0.0,1.0
DRI,10/12/2010,44.08,44.17,43.69,44.01,1037400.0,36.71,0.0,1.0
DRI,10/13/2010,44.22,44.3,43.02,44.13,2519200.0,36.81,0.0,1.0
DRI,10/14/2010,44.12,44.86,44.05,44.83,1960700.0,37.4,0.0,1.0
DRI,10/15/2010,45.25,45.25,44.49,44.74,2085600.0,37.32,0.0,1.0
DRI,10/18/2010,44.9,44.99,44.18,44.46,1127400.0,37.09,0.0,1.0
DRI,10/19/2010,43.93,44.58,43.68,43.84,1133100.0,36.57,0.0,1.0
DRI,10/20/2010,44.06,44.84,43.83,44.73,1713700.0,37.31,0.0,1.0
DRI,10/21/2010,45.02,45.23,44.38,44.55,1652100.0,37.16,0.0,1.0
DRI,10/22/2010,44.67,46.98,44.33,46.87,3167700.0,39.1,0.0,1.0
DRI,10/25/2010,47.05,47.38,46.41,46.65,1916400.0,38.91,0.0,1.0
DRI,10/26/2010,46.56,46.81,46.23,46.41,1370100.0,38.71,0.0,1.0
DRI,10/27/2010,45.71,45.71,44.66,45.13,2179900.0,37.65,0.0,1.0
DRI,10/28/2010,45.48,45.7,44.88,45.44,977100.0,37.91,0.0,1.0
DRI,10/29/2010,45.33,45.83,45.13,45.71,1062400.0,38.13,0.0,1.0
DRI,11/01/2010,46.02,46.49,45.76,46.03,1775100.0,38.4,0.0,1.0
DRI,11/02/2010,46.29,46.74,46.09,46.17,887600.0,38.51,0.0,1.0
DRI,11/03/2010,46.17,46.9,46.17,46.78,1165900.0,39.02,0.0,1.0
DRI,11/04/2010,47.3,47.94,47.14,47.87,1364400.0,39.93,0.0,1.0
DRI,11/05/2010,47.98,48.35,47.93,48.19,1236700.0,40.2,0.0,1.0
DRI,11/08/2010,47.97,48.51,47.82,48.03,958400.0,40.07,0.0,1.0
DRI,11/09/2010,48.18,48.18,47.15,47.37,594400.0,39.52,0.0,1.0
DRI,11/10/2010,47.12,48.24,46.91,48.22,1347800.0,40.22,0.0,1.0
DRI,11/11/2010,47.9,49.48,47.66,49.31,1848100.0,41.13,0.0,1.0
DRI,11/12/2010,48.78,48.99,48.16,48.65,2143300.0,40.58,0.0,1.0
DRI,11/15/2010,48.98,49.61,48.98,49.04,1549300.0,40.91,0.0,1.0
DRI,11/16/2010,48.71,49.23,47.4,47.57,1972400.0,39.68,0.0,1.0
DRI,11/17/2010,47.74,49.12,47.67,49.02,1978800.0,40.89,0.0,1.0
DRI,11/18/2010,49.34,49.64,48.72,48.86,1277000.0,40.76,0.0,1.0
DRI,11/19/2010,48.85,49.26,48.73,49.04,1152200.0,40.91,0.0,1.0
DRI,11/22/2010,48.95,49.38,48.73,49.2,1550100.0,41.04,0.0,1.0
DRI,11/23/2010,48.71,49.5,48.5,49.15,2397500.0,41.0,0.0,1.0
DRI,11/24/2010,49.56,49.99,49.45,49.68,1175200.0,41.44,0.0,1.0
DRI,11/26/2010,49.41,49.86,49.15,49.49,341200.0,41.28,0.0,1.0
DRI,11/29/2010,49.06,49.45,48.67,49.26,1315300.0,41.09,0.0,1.0
DRI,11/30/2010,48.88,49.39,48.68,48.95,1359700.0,40.83,0.0,1.0
DRI,12/01/2010,49.77,50.24,49.3,49.32,2312500.0,41.14,0.0,1.0
DRI,12/02/2010,49.31,50.29,49.13,50.02,1529500.0,41.73,0.0,1.0
DRI,12/03/2010,49.87,50.36,49.67,50.32,1025300.0,41.98,0.0,1.0
DRI,12/06/2010,50.21,50.25,49.76,50.11,562700.0,41.8,0.0,1.0
DRI,12/07/2010,50.47,50.84,50.27,50.3,1211900.0,41.96,0.0,1.0
DRI,12/08/2010,50.23,50.47,49.5,49.6,1329800.0,41.38,0.0,1.0
DRI,12/09/2010,49.92,50.18,49.49,49.63,978700.0,41.4,0.0,1.0
DRI,12/10/2010,49.79,49.82,49.23,49.48,1082800.0,41.28,0.0,1.0
DRI,12/13/2010,49.61,49.72,48.5,48.54,1613700.0,40.49,0.0,1.0
DRI,12/14/2010,48.61,48.78,47.67,48.35,2010800.0,40.33,0.0,1.0
DRI,12/15/2010,48.27,49.24,48.25,48.99,3576500.0,40.87,0.0,1.0
DRI,12/16/2010,49.2,49.84,48.79,49.71,1558800.0,41.47,0.0,1.0
DRI,12/17/2010,49.71,50.0,49.27,49.89,1729700.0,41.62,0.0,1.0
DRI,12/20/2010,50.17,50.67,49.84,50.43,2469500.0,42.07,0.0,1.0
DRI,12/21/2010,49.02,49.28,46.8,47.54,7043300.0,39.66,0.0,1.0
DRI,12/22/2010,47.47,47.78,47.03,47.2,2120700.0,39.37,0.0,1.0
DRI,12/23/2010,47.24,47.5,46.66,46.75,1284400.0,39.0,0.0,1.0
DRI,12/27/2010,46.7,46.97,46.27,46.88,1088300.0,39.11,0.0,1.0
DRI,12/28/2010,46.87,47.26,46.36,46.58,1442000.0,38.86,0.0,1.0
DRI,12/29/2010,46.76,47.27,46.67,46.96,987600.0,39.17,0.0,1.0
DRI,12/30/2010,46.82,47.1,46.76,46.85,904700.0,39.08,0.0,1.0
DRI,12/31/2010,46.74,46.93,46.41,46.44,847700.0,38.74,0.0,1.0
DRI,01/03/2011,46.72,47.11,46.58,46.69,1782800.0,38.95,0.0,1.0
DRI,01/04/2011,46.89,46.9,46.0,46.7,2345400.0,38.96,0.0,1.0
DRI,01/05/2011,46.64,46.75,45.86,46.16,2157200.0,38.51,0.0,1.0
DRI,01/06/2011,45.99,46.73,45.95,46.43,1983700.0,39.0,0.32,1.0
DRI,01/07/2011,46.48,47.11,45.98,46.51,1446200.0,39.07,0.0,1.0
DRI,01/10/2011,46.24,46.44,45.83,46.26,1515100.0,38.86,0.0,1.0
DRI,01/11/2011,46.46,46.46,45.51,45.57,1921800.0,38.28,0.0,1.0
DRI,01/12/2011,45.87,46.07,45.61,46.0,1658600.0,38.64,0.0,1.0
DRI,01/13/2011,45.89,46.16,45.8,46.1,1651100.0,38.72,0.0,1.0
DRI,01/14/2011,45.99,46.31,45.86,46.15,988800.0,38.76,0.0,1.0
DRI,01/18/2011,46.25,46.25,45.43,45.7,1575300.0,38.38,0.0,1.0
DRI,01/19/2011,45.72,45.98,45.4,45.93,1930200.0,38.58,0.0,1.0
DRI,01/20/2011,45.76,47.02,45.76,46.44,1969800.0,39.01,0.0,1.0
DRI,01/21/2011,46.71,46.72,46.0,46.4,1420500.0,38.97,0.0,1.0
DRI,01/24/2011,46.3,46.53,45.77,46.34,1580900.0,38.92,0.0,1.0
DRI,01/25/2011,46.27,47.34,46.27,47.33,2012100.0,39.75,0.0,1.0
DRI,01/26/2011,46.61,46.96,45.12,45.75,4086100.0,38.43,0.0,1.0
DRI,01/27/2011,45.64,46.05,45.32,45.94,1898900.0,38.59,0.0,1.0
DRI,01/28/2011,46.01,46.09,45.07,45.18,1335400.0,37.95,0.0,1.0
DRI,01/31/2011,46.7,47.12,45.85,47.11,3565000.0,39.57,0.0,1.0
DRI,02/01/2011,47.25,48.87,47.25,48.34,2640200.0,40.6,0.0,1.0
DRI,02/02/2011,48.26,49.03,48.15,48.6,2420300.0,40.82,0.0,1.0
DRI,02/03/2011,48.66,49.48,48.53,49.3,1724800.0,41.41,0.0,1.0
DRI,02/04/2011,49.18,49.42,48.6,48.99,1499200.0,41.15,0.0,1.0
DRI,02/07/2011,49.0,49.34,48.2,48.23,1468400.0,40.51,0.0,1.0
DRI,02/08/2011,48.35,48.88,48.2,48.71,1469400.0,40.91,0.0,1.0
DRI,02/09/2011,48.69,49.44,48.59,48.96,1546600.0,41.12,0.0,1.0
DRI,02/10/2011,48.82,49.01,48.63,48.89,1085000.0,41.06,0.0,1.0
DRI,02/11/2011,48.83,49.6,48.56,49.49,1623900.0,41.57,0.0,1.0
DRI,02/14/2011,49.35,49.46,48.92,49.43,836100.0,41.52,0.0,1.0
DRI,02/15/2011,49.27,49.44,48.88,49.32,756900.0,41.43,0.0,1.0
DRI,02/16/2011,49.5,50.29,49.4,49.65,1193100.0,41.7,0.0,1.0
DRI,02/17/2011,49.45,50.01,49.37,49.94,1227600.0,41.95,0.0,1.0
DRI,02/18/2011,49.94,50.25,49.55,50.1,1368600.0,42.08,0.0,1.0
DRI,02/22/2011,49.65,49.79,48.37,48.51,1875400.0,40.74,0.0,1.0
DRI,02/23/2011,48.38,48.45,46.43,47.22,2434300.0,39.66,0.0,1.0
DRI,02/24/2011,47.1,47.23,45.88,46.82,2418900.0,39.33,0.0,1.0
DRI,02/25/2011,47.08,47.99,46.92,47.28,1015100.0,39.71,0.0,1.0
DRI,02/28/2011,47.53,47.81,46.73,47.13,1810100.0,39.59,0.0,1.0
DRI,03/01/2011,47.22,47.62,46.62,46.85,1668600.0,39.35,0.0,1.0
DRI,03/02/2011,46.73,47.01,45.54,46.44,1666200.0,39.01,0.0,1.0
DRI,03/03/2011,46.95,47.73,46.93,47.08,1465000.0,39.54,0.0,1.0
DRI,03/04/2011,46.97,47.33,46.11,46.32,2169700.0,38.91,0.0,1.0
DRI,03/07/2011,46.64,47.92,46.25,46.36,2381700.0,38.94,0.0,1.0
DRI,03/08/2011,46.71,46.96,46.06,46.34,2451600.0,38.92,0.0,1.0
DRI,03/09/2011,46.36,47.29,46.11,47.19,2386600.0,39.64,0.0,1.0
DRI,03/10/2011,46.65,47.34,46.51,46.95,1586800.0,39.43,0.0,1.0
DRI,03/11/2011,46.55,47.28,46.42,46.99,1678900.0,39.47,0.0,1.0
DRI,03/14/2011,46.6,47.3,46.52,46.8,1608900.0,39.31,0.0,1.0
DRI,03/15/2011,45.78,46.71,45.69,46.44,3507400.0,39.01,0.0,1.0
DRI,03/16/2011,46.3,46.73,45.84,45.92,1478800.0,38.57,0.0,1.0
DRI,03/17/2011,46.59,46.83,45.97,46.06,1163200.0,38.69,0.0,1.0
DRI,03/18/2011,46.47,46.67,46.06,46.19,1291300.0,38.8,0.0,1.0
DRI,03/21/2011,46.73,46.94,46.4,46.54,1076000.0,39.09,0.0,1.0
DRI,03/22/2011,46.69,47.19,46.56,46.74,1388600.0,39.26,0.0,1.0
DRI,03/23/2011,46.58,47.33,46.08,47.27,1292700.0,39.7,0.0,1.0
DRI,03/24/2011,47.57,48.22,47.38,48.01,2001100.0,40.32,0.0,1.0
DRI,03/25/2011,47.41,47.66,45.51,45.63,4804200.0,38.33,0.0,1.0
DRI,03/28/2011,45.95,46.53,45.79,46.15,2824200.0,38.76,0.0,1.0
DRI,03/29/2011,46.71,47.64,46.34,47.38,2350200.0,39.8,0.0,1.0
DRI,03/30/2011,47.76,48.56,47.62,48.52,2028700.0,40.75,0.0,1.0
DRI,03/31/2011,48.39,49.17,48.03,49.13,2702400.0,41.27,0.0,1.0
DRI,04/01/2011,49.03,49.31,48.56,48.65,1718500.0,40.86,0.0,1.0
DRI,04/04/2011,48.85,49.28,48.4,48.6,1091900.0,40.82,0.0,1.0
DRI,04/05/2011,48.57,48.99,48.3,48.43,1298600.0,40.68,0.0,1.0
DRI,04/06/2011,48.35,48.49,47.87,48.07,1206800.0,40.64,0.32,1.0
DRI,04/07/2011,47.87,48.23,47.35,47.46,2634100.0,40.13,0.0,1.0
DRI,04/08/2011,47.65,47.69,46.62,46.89,1482500.0,39.65,0.0,1.0
DRI,04/11/2011,46.88,47.2,46.44,46.69,1130400.0,39.48,0.0,1.0
DRI,04/12/2011,46.5,47.46,46.5,46.86,1576900.0,39.62,0.0,1.0
DRI,04/13/2011,46.99,47.28,46.41,46.54,1660600.0,39.35,0.0,1.0
DRI,04/14/2011,46.41,47.39,46.26,47.38,1584900.0,40.06,0.0,1.0
DRI,04/15/2011,47.52,47.8,47.26,47.69,1102100.0,40.32,0.0,1.0
DRI,04/18/2011,47.2,47.49,46.85,47.23,1123600.0,39.93,0.0,1.0
DRI,04/19/2011,47.36,47.98,47.24,47.66,1763100.0,40.3,0.0,1.0
DRI,04/20/2011,48.1,48.55,48.0,48.46,1452700.0,40.97,0.0,1.0
DRI,04/21/2011,48.51,48.51,47.96,48.02,1351000.0,40.6,0.0,1.0
DRI,04/25/2011,48.04,48.09,47.57,48.03,928100.0,40.61,0.0,1.0
DRI,04/26/2011,48.06,48.28,47.59,47.9,1100000.0,40.5,0.0,1.0
DRI,04/27/2011,48.0,48.34,46.98,47.39,1997700.0,40.07,0.0,1.0
DRI,04/28/2011,47.28,47.76,47.01,47.41,1139700.0,40.09,0.0,1.0
DRI,04/29/2011,47.4,47.4,46.74,46.97,1360000.0,39.71,0.0,1.0
DRI,05/02/2011,47.17,47.36,46.82,47.14,1029000.0,39.86,0.0,1.0
DRI,05/03/2011,47.13,47.46,46.6,46.89,2770200.0,39.65,0.0,1.0
DRI,05/04/2011,47.01,48.41,46.67,48.2,2397300.0,40.75,0.0,1.0
DRI,05/05/2011,48.05,49.71,48.0,48.93,1903300.0,41.37,0.0,1.0
DRI,05/06/2011,49.36,49.74,48.26,48.43,1519700.0,40.95,0.0,1.0
DRI,05/09/2011,48.32,48.8,48.12,48.24,995700.0,40.79,0.0,1.0
DRI,05/10/2011,48.36,49.06,48.36,48.59,1216000.0,41.08,0.0,1.0
DRI,05/11/2011,48.49,49.19,48.47,48.88,1350700.0,41.33,0.0,1.0
DRI,05/12/2011,48.79,50.0,48.73,49.93,1912500.0,42.22,0.0,1.0
DRI,05/13/2011,49.89,50.61,49.78,50.31,1569800.0,42.54,0.0,1.0
DRI,05/16/2011,50.12,50.4,49.83,50.18,1772200.0,42.43,0.0,1.0
DRI,05/17/2011,49.8,50.34,49.26,50.09,1873900.0,42.35,0.0,1.0
DRI,05/18/2011,50.29,50.89,50.11,50.83,1680300.0,42.98,0.0,1.0
DRI,05/19/2011,50.99,52.12,50.88,52.03,2124100.0,43.99,0.0,1.0
DRI,05/20/2011,52.05,52.05,50.93,51.52,1863600.0,43.56,0.0,1.0
DRI,05/23/2011,51.07,52.07,50.94,51.47,1234900.0,43.52,0.0,1.0
DRI,05/24/2011,51.65,51.65,51.0,51.39,1434100.0,43.45,0.0,1.0
DRI,05/25/2011,51.41,51.43,50.81,50.98,1265600.0,43.1,0.0,1.0
DRI,05/26/2011,50.8,51.2,50.38,51.1,2083000.0,43.21,0.0,1.0
DRI,05/27/2011,51.26,51.29,50.48,50.92,1444100.0,43.05,0.0,1.0
DRI,05/31/2011,51.18,51.38,50.44,50.65,1697000.0,42.83,0.0,1.0
DRI,06/01/2011,50.3,50.49,49.94,50.0,3195300.0,42.28,0.0,1.0
DRI,06/02/2011,49.91,50.07,48.98,48.99,1885700.0,41.42,0.0,1.0
DRI,06/03/2011,48.52,48.54,47.78,48.08,3380900.0,40.65,0.0,1.0
DRI,06/06/2011,48.15,49.05,47.6,47.62,2165500.0,40.26,0.0,1.0
DRI,06/07/2011,47.77,48.31,47.65,47.87,1704900.0,40.48,0.0,1.0
DRI,06/08/2011,47.71,48.13,47.23,47.3,1873800.0,39.99,0.0,1.0
DRI,06/09/2011,47.45,47.75,47.06,47.58,1468000.0,40.23,0.0,1.0
DRI,06/10/2011,47.28,47.69,46.81,46.96,1521600.0,39.71,0.0,1.0
DRI,06/13/2011,46.97,47.45,46.53,46.9,1372600.0,39.65,0.0,1.0
DRI,06/14/2011,47.36,47.78,47.28,47.55,1229100.0,40.2,0.0,1.0
DRI,06/15/2011,47.02,47.3,46.64,47.01,2059900.0,39.75,0.0,1.0
DRI,06/16/2011,47.05,47.23,46.58,46.86,2080300.0,39.62,0.0,1.0
DRI,06/17/2011,47.19,47.72,46.93,47.12,1999900.0,39.84,0.0,1.0
DRI,06/20/2011,46.8,47.36,46.69,47.16,1663300.0,39.87,0.0,1.0
DRI,06/21/2011,47.45,48.65,47.28,48.49,1990500.0,41.0,0.0,1.0
DRI,06/22/2011,48.34,49.02,48.21,48.26,1574300.0,40.8,0.0,1.0
DRI,06/23/2011,47.84,48.75,47.69,48.68,1576400.0,41.16,0.0,1.0
DRI,06/24/2011,48.72,49.14,48.37,48.51,1318200.0,41.02,0.0,1.0
DRI,06/27/2011,48.31,48.55,48.01,48.22,2021600.0,40.77,0.0,1.0
DRI,06/28/2011,48.77,49.36,48.65,49.25,1724300.0,41.64,0.0,1.0
DRI,06/29/2011,49.45,49.95,48.86,49.3,2189100.0,41.68,0.0,1.0
DRI,06/30/2011,49.74,49.95,49.3,49.76,3026500.0,42.07,0.0,1.0
DRI,07/01/2011,49.82,53.63,49.43,52.79,6229000.0,44.63,0.0,1.0
DRI,07/05/2011,53.19,53.7,52.4,53.48,2923000.0,45.22,0.0,1.0
DRI,07/06/2011,53.12,53.28,52.64,53.25,2276900.0,45.02,0.0,1.0
DRI,07/07/2011,53.31,53.74,53.07,53.63,2397700.0,45.71,0.43,1.0
DRI,07/08/2011,53.09,53.39,52.69,53.22,2663100.0,45.36,0.0,1.0
DRI,07/11/2011,52.58,53.19,52.02,52.18,2440200.0,44.47,0.0,1.0
DRI,07/12/2011,52.24,52.99,52.04,52.53,1869600.0,44.77,0.0,1.0
DRI,07/13/2011,52.79,53.33,52.6,52.76,1760700.0,44.97,0.0,1.0
DRI,07/14/2011,52.99,53.33,52.25,52.45,1856300.0,44.7,0.0,1.0
DRI,07/15/2011,52.56,52.91,52.1,52.6,1837600.0,44.83,0.0,1.0
DRI,07/18/2011,52.37,52.98,52.18,52.52,1399200.0,44.76,0.0,1.0
DRI,07/19/2011,52.88,53.65,52.75,53.61,1495600.0,45.69,0.0,1.0
DRI,07/20/2011,53.6,53.6,52.77,53.07,1177700.0,45.23,0.0,1.0
DRI,07/21/2011,53.27,53.57,52.8,53.55,2203300.0,45.64,0.0,1.0
DRI,07/22/2011,53.63,53.81,53.2,53.28,1028000.0,45.41,0.0,1.0
DRI,07/25/2011,52.8,53.28,52.5,53.11,1036000.0,45.27,0.0,1.0
DRI,07/26/2011,53.22,53.47,52.87,52.99,802400.0,45.16,0.0,1.0
DRI,07/27/2011,52.68,52.68,51.19,51.26,1683200.0,43.69,0.0,1.0
DRI,07/28/2011,51.42,51.78,50.64,50.65,1474800.0,43.17,0.0,1.0
DRI,07/29/2011,50.18,51.38,49.8,50.8,1325600.0,43.3,0.0,1.0
DRI,08/01/2011,51.25,51.25,49.58,50.13,1863400.0,42.73,0.0,1.0
DRI,08/02/2011,49.77,49.88,48.22,48.28,2088100.0,41.15,0.0,1.0
DRI,08/03/2011,48.29,49.3,47.46,49.28,1795100.0,42.0,0.0,1.0
DRI,08/04/2011,48.59,49.32,47.37,47.44,2667400.0,40.43,0.0,1.0
DRI,08/05/2011,47.85,49.02,46.84,47.96,3710000.0,40.88,0.0,1.0
DRI,08/08/2011,46.85,47.75,44.96,45.06,5348400.0,38.4,0.0,1.0
DRI,08/09/2011,45.58,46.35,43.85,46.12,5405400.0,39.31,0.0,1.0
DRI,08/10/2011,45.39,46.83,44.94,45.05,3892100.0,38.4,0.0,1.0
DRI,08/11/2011,46.36,49.23,45.76,48.44,3682300.0,41.29,0.0,1.0
DRI,08/12/2011,49.02,49.24,47.79,48.7,2418600.0,41.51,0.0,1.0
DRI,08/15/2011,49.0,49.34,48.15,48.96,1743900.0,41.73,0.0,1.0
DRI,08/16/2011,48.44,48.91,48.03,48.53,1608900.0,41.36,0.0,1.0
DRI,08/17/2011,48.8,49.19,47.77,48.46,1655900.0,41.3,0.0,1.0
DRI,08/18/2011,47.27,47.6,44.86,45.36,3052800.0,38.66,0.0,1.0
DRI,08/19/2011,44.86,46.19,44.72,44.95,2069600.0,38.31,0.0,1.0
DRI,08/22/2011,46.05,46.33,45.52,45.66,1833700.0,38.92,0.0,1.0
DRI,08/23/2011,45.88,47.39,45.69,47.38,1673100.0,40.38,0.0,1.0
DRI,08/24/2011,47.27,47.79,46.54,47.46,1665700.0,40.45,0.0,1.0
DRI,08/25/2011,47.46,47.48,45.19,45.26,2483400.0,38.58,0.0,1.0
DRI,08/26/2011,45.0,46.21,44.27,45.84,2340400.0,39.07,0.0,1.0
DRI,08/29/2011,46.44,47.69,46.42,47.67,1369700.0,40.63,0.0,1.0
DRI,08/30/2011,47.46,48.61,47.46,48.37,2149200.0,41.23,0.0,1.0
DRI,08/31/2011,48.82,49.2,47.73,48.1,2003800.0,41.0,0.0,1.0
DRI,09/01/2011,48.12,48.39,47.3,47.5,1506900.0,40.48,0.0,1.0
DRI,09/02/2011,46.55,47.1,46.3,46.43,1353800.0,39.57,0.0,1.0
DRI,09/06/2011,45.36,46.43,45.14,46.18,1733600.0,39.36,0.0,1.0
DRI,09/07/2011,44.0,44.9,43.6,44.54,5888600.0,37.96,0.0,1.0
DRI,09/08/2011,44.58,45.12,44.12,44.35,3322900.0,37.8,0.0,1.0
DRI,09/09/2011,44.02,44.18,42.96,43.37,3858300.0,36.96,0.0,1.0
DRI,09/12/2011,42.94,43.9,42.71,43.41,3860600.0,37.0,0.0,1.0
DRI,09/13/2011,43.42,44.4,43.05,43.72,3304800.0,37.26,0.0,1.0
DRI,09/14/2011,44.19,45.54,43.76,44.94,2643500.0,38.3,0.0,1.0
DRI,09/15/2011,45.36,45.48,44.71,45.2,1469400.0,38.52,0.0,1.0
DRI,09/16/2011,45.38,45.92,45.21,45.61,2047500.0,38.87,0.0,1.0
DRI,09/19/2011,44.89,46.43,44.74,46.21,1829300.0,39.38,0.0,1.0
DRI,09/20/2011,46.26,46.38,44.77,44.83,2012400.0,38.21,0.0,1.0
DRI,09/21/2011,44.86,45.23,43.82,43.88,2028400.0,37.4,0.0,1.0
DRI,09/22/2011,42.91,44.88,42.65,44.56,3448500.0,37.98,0.0,1.0
DRI,09/23/2011,44.44,46.72,43.98,46.06,3409100.0,39.26,0.0,1.0
DRI,09/26/2011,46.52,47.9,45.69,47.84,2989000.0,40.77,0.0,1.0
DRI,09/27/2011,48.48,48.6,46.73,46.98,2894800.0,40.04,0.0,1.0
DRI,09/28/2011,45.15,45.81,43.28,44.3,5540300.0,37.76,0.0,1.0
DRI,09/29/2011,44.72,45.19,42.55,43.49,5472300.0,37.07,0.0,1.0
DRI,09/30/2011,42.86,44.56,42.63,42.75,3400700.0,36.44,0.0,1.0
DRI,10/03/2011,42.52,43.82,41.47,41.53,3750600.0,35.4,0.0,1.0
DRI,10/04/2011,40.89,42.05,40.69,42.02,4100000.0,35.81,0.0,1.0
DRI,10/05/2011,42.13,43.55,41.91,43.27,3465800.0,36.88,0.0,1.0
DRI,10/06/2011,42.37,43.92,42.37,43.31,2290000.0,37.28,0.43,1.0
DRI,10/07/2011,43.68,44.73,43.48,44.12,2706300.0,37.98,0.0,1.0
DRI,10/10/2011,44.73,45.4,44.47,45.36,2006200.0,39.04,0.0,1.0
DRI,10/11/2011,45.16,46.06,45.13,45.91,1938600.0,39.52,0.0,1.0
DRI,10/12/2011,46.39,47.46,45.79,46.33,2784100.0,39.88,0.0,1.0
DRI,10/13/2011,46.14,47.31,46.14,46.68,2291300.0,40.18,0.0,1.0
DRI,10/14/2011,47.1,47.17,45.77,46.66,1592900.0,40.16,0.0,1.0
DRI,10/17/2011,46.37,46.63,45.42,45.53,1350400.0,39.19,0.0,1.0
DRI,10/18/2011,45.5,47.09,44.81,46.76,1571100.0,40.25,0.0,1.0
DRI,10/19/2011,46.73,47.04,45.93,46.1,1469600.0,39.68,0.0,1.0
DRI,10/20/2011,46.13,46.38,45.6,46.05,1458700.0,39.64,0.0,1.0
DRI,10/21/2011,47.09,47.42,46.53,47.17,2258900.0,40.6,0.0,1.0
DRI,10/24/2011,47.4,48.09,47.16,47.7,2254900.0,41.06,0.0,1.0
DRI,10/25/2011,47.87,48.13,47.0,47.09,2155300.0,40.53,0.0,1.0
DRI,10/26/2011,48.13,48.13,45.98,46.77,1928200.0,40.26,0.0,1.0
DRI,10/27/2011,48.0,49.16,47.33,48.53,2351500.0,41.77,0.0,1.0
DRI,10/28/2011,48.64,48.99,48.0,48.5,2516900.0,41.75,0.0,1.0
DRI,10/31/2011,47.99,48.85,47.88,47.88,2120100.0,41.21,0.0,1.0
DRI,11/01/2011,46.86,48.16,46.86,47.3,2537100.0,40.71,0.0,1.0
DRI,11/02/2011,47.99,48.1,46.82,47.14,1422000.0,40.58,0.0,1.0
DRI,11/03/2011,46.77,47.63,46.33,47.53,1844200.0,40.91,0.0,1.0
DRI,11/04/2011,47.22,47.73,46.85,47.36,1434700.0,40.77,0.0,1.0
DRI,11/07/2011,47.72,47.76,46.82,47.32,1124100.0,40.73,0.0,1.0
DRI,11/08/2011,47.49,47.74,46.87,47.59,1367900.0,40.96,0.0,1.0
DRI,11/09/2011,46.74,47.27,46.38,46.46,1240400.0,39.99,0.0,1.0
DRI,11/10/2011,46.85,47.01,46.18,46.53,1218300.0,40.05,0.0,1.0
DRI,11/11/2011,47.17,47.74,46.86,47.41,1034500.0,40.81,0.0,1.0
DRI,11/14/2011,47.8,47.98,47.07,47.25,2252100.0,40.67,0.0,1.0
DRI,11/15/2011,46.98,48.33,46.87,48.09,1635300.0,41.39,0.0,1.0
DRI,11/16/2011,47.83,48.01,46.8,47.08,1842300.0,40.52,0.0,1.0
DRI,11/17/2011,46.95,47.44,46.38,46.89,2432700.0,40.36,0.0,1.0
DRI,11/18/2011,46.3,46.63,46.01,46.47,2051700.0,40.0,0.0,1.0
DRI,11/21/2011,45.98,45.98,44.95,45.29,2085000.0,38.98,0.0,1.0
DRI,11/22/2011,45.27,45.69,44.67,45.05,1886400.0,38.78,0.0,1.0
DRI,11/23/2011,44.75,45.35,44.57,44.67,1768100.0,38.45,0.0,1.0
DRI,11/25/2011,44.67,45.07,44.53,44.6,521700.0,38.39,0.0,1.0
DRI,11/28/2011,45.57,46.32,45.3,46.04,1264600.0,39.63,0.0,1.0
DRI,11/29/2011,46.1,46.82,46.1,46.4,1342000.0,39.94,0.0,1.0
DRI,11/30/2011,47.5,47.71,47.13,47.71,1863600.0,41.07,0.0,1.0
DRI,12/01/2011,47.6,47.85,47.05,47.45,1477200.0,40.84,0.0,1.0
DRI,12/02/2011,47.95,48.2,47.45,47.53,1577400.0,40.91,0.0,1.0
DRI,12/05/2011,48.19,48.23,47.54,47.73,1584600.0,41.08,0.0,1.0
DRI,12/06/2011,42.97,43.83,41.74,41.82,15922100.0,36.0,0.0,1.0
DRI,12/07/2011,41.72,43.66,41.65,43.43,6878400.0,37.38,0.0,1.0
DRI,12/08/2011,43.19,43.75,42.87,43.08,3011600.0,37.08,0.0,1.0
DRI,12/09/2011,43.28,43.85,43.02,43.21,2778400.0,37.19,0.0,1.0
DRI,12/12/2011,43.04,43.78,42.82,43.75,2579700.0,37.66,0.0,1.0
DRI,12/13/2011,43.88,44.1,43.26,43.43,2294700.0,37.38,0.0,1.0
DRI,12/14/2011,43.42,43.66,42.74,43.13,2670200.0,37.12,0.0,1.0
DRI,12/15/2011,43.45,43.99,43.08,43.74,3030800.0,37.65,0.0,1.0
DRI,12/16/2011,43.73,44.43,42.72,43.68,6512700.0,37.6,0.0,1.0
DRI,12/19/2011,43.9,44.28,43.06,43.13,2455000.0,37.12,0.0,1.0
DRI,12/20/2011,43.75,44.19,43.56,43.93,2460400.0,37.81,0.0,1.0
DRI,12/21/2011,43.91,44.74,43.73,44.7,1926000.0,38.48,0.0,1.0
DRI,12/22/2011,44.65,45.11,44.42,44.97,1812600.0,38.71,0.0,1.0
DRI,12/23/2011,45.33,45.9,45.1,45.7,1512400.0,39.34,0.0,1.0
DRI,12/27/2011,45.7,46.49,45.32,46.3,1442600.0,39.85,0.0,1.0
DRI,12/28/2011,46.33,46.33,45.05,45.21,1197900.0,38.91,0.0,1.0
DRI,12/29/2011,45.46,45.84,45.34,45.73,828100.0,39.36,0.0,1.0
DRI,12/30/2011,45.64,45.86,45.3,45.58,748900.0,39.23,0.0,1.0
DRI,01/03/2012,46.1,46.3,44.42,44.65,2134000.0,38.43,0.0,1.0
DRI,01/04/2012,44.6,45.16,44.58,44.96,1889300.0,38.7,0.0,1.0
DRI,01/05/2012,44.75,45.59,44.4,45.44,1861400.0,39.11,0.0,1.0
DRI,01/06/2012,44.9,44.98,44.02,44.34,2730400.0,38.54,0.43,1.0
DRI,01/09/2012,44.57,44.63,43.8,44.02,2108200.0,38.26,0.0,1.0
DRI,01/10/2012,44.43,44.73,44.09,44.38,1584000.0,38.57,0.0,1.0
DRI,01/11/2012,44.35,44.81,44.25,44.54,1237100.0,38.71,0.0,1.0
DRI,01/12/2012,44.52,44.88,44.33,44.65,1690800.0,38.81,0.0,1.0
DRI,01/13/2012,44.37,44.73,44.2,44.56,1568300.0,38.73,0.0,1.0
DRI,01/17/2012,44.94,45.9,44.81,44.9,2667400.0,39.02,0.0,1.0
DRI,01/18/2012,45.03,45.95,44.96,45.83,1924600.0,39.83,0.0,1.0
DRI,01/19/2012,46.16,46.48,45.47,46.11,1556800.0,40.07,0.0,1.0
DRI,01/20/2012,46.13,47.26,46.07,46.75,2086400.0,40.63,0.0,1.0
DRI,01/23/2012,46.64,46.85,45.95,46.49,1477000.0,40.4,0.0,1.0
DRI,01/24/2012,46.0,46.33,45.68,46.08,2749200.0,40.05,0.0,1.0
DRI,01/25/2012,46.16,46.88,46.04,46.74,1287300.0,40.62,0.0,1.0
DRI,01/26/2012,47.0,47.0,46.13,46.66,1259700.0,40.55,0.0,1.0
DRI,01/27/2012,46.44,46.44,45.99,46.13,1306500.0,40.09,0.0,1.0
DRI,01/30/2012,45.76,46.37,45.68,46.25,1322500.0,40.2,0.0,1.0
DRI,01/31/2012,46.38,46.39,45.6,45.87,1663200.0,39.87,0.0,1.0
DRI,02/01/2012,46.21,47.16,45.95,46.91,1442700.0,40.77,0.0,1.0
DRI,02/02/2012,47.2,47.29,46.5,46.94,944600.0,40.8,0.0,1.0
DRI,02/03/2012,47.5,48.53,47.39,48.52,2146500.0,42.17,0.0,1.0
DRI,02/06/2012,48.23,49.0,48.17,48.34,2027200.0,42.01,0.0,1.0
DRI,02/07/2012,48.39,49.39,48.25,49.15,1600400.0,42.72,0.0,1.0
DRI,02/08/2012,49.24,49.71,48.69,49.13,1576500.0,42.7,0.0,1.0
DRI,02/09/2012,49.49,49.5,48.94,49.42,1593600.0,42.95,0.0,1.0
DRI,02/10/2012,48.98,49.87,48.91,49.45,2278200.0,42.98,0.0,1.0
DRI,02/13/2012,49.67,49.67,49.15,49.29,1368200.0,42.84,0.0,1.0
DRI,02/14/2012,49.16,49.28,48.41,48.93,1434200.0,42.53,0.0,1.0
DRI,02/15/2012,49.17,49.84,49.12,49.22,1566200.0,42.78,0.0,1.0
DRI,02/16/2012,49.39,51.31,49.39,50.54,3239600.0,43.92,0.0,1.0
DRI,02/17/2012,50.75,51.25,50.47,50.9,1608400.0,44.24,0.0,1.0
DRI,02/21/2012,51.25,51.9,50.83,50.93,2247200.0,44.26,0.0,1.0
DRI,02/22/2012,50.85,50.92,49.97,50.12,2066800.0,43.56,0.0,1.0
DRI,02/23/2012,50.62,50.62,49.59,49.8,3003400.0,43.28,0.0,1.0
DRI,02/24/2012,50.02,50.19,48.95,49.19,3260500.0,42.75,0.0,1.0
DRI,02/27/2012,49.17,49.78,48.52,49.12,2441600.0,42.69,0.0,1.0
DRI,02/28/2012,49.26,51.16,49.26,51.05,2265400.0,44.37,0.0,1.0
DRI,02/29/2012,51.04,51.59,50.59,50.99,2398700.0,44.32,0.0,1.0
DRI,03/01/2012,51.19,51.2,50.12,50.14,1881400.0,43.58,0.0,1.0
DRI,03/02/2012,50.06,50.27,49.56,49.76,1305300.0,43.25,0.0,1.0
DRI,03/05/2012,50.22,51.03,50.05,50.8,1931400.0,44.15,0.0,1.0
DRI,03/06/2012,50.02,50.18,49.38,49.53,1698800.0,43.05,0.0,1.0
DRI,03/07/2012,50.02,50.74,49.92,50.58,1563200.0,43.96,0.0,1.0
DRI,03/08/2012,50.61,51.48,50.48,51.39,1386000.0,44.66,0.0,1.0
DRI,03/09/2012,51.57,51.68,51.23,51.46,1187400.0,44.72,0.0,1.0
DRI,03/12/2012,51.45,51.89,51.27,51.54,1222000.0,44.79,0.0,1.0
DRI,03/13/2012,51.54,52.67,51.53,52.65,1459800.0,45.76,0.0,1.0
DRI,03/14/2012,52.58,53.2,52.3,52.51,2175000.0,45.64,0.0,1.0
DRI,03/15/2012,52.47,53.07,52.19,53.03,1399000.0,46.09,0.0,1.0
DRI,03/16/2012,53.09,53.17,52.39,52.51,2022100.0,45.64,0.0,1.0
DRI,03/19/2012,52.55,52.76,51.72,52.54,1705700.0,45.66,0.0,1.0
DRI,03/20/2012,52.12,52.68,52.05,52.63,1305400.0,45.74,0.0,1.0
DRI,03/21/2012,52.77,53.0,52.24,52.33,1289200.0,45.48,0.0,1.0
DRI,03/22/2012,52.05,52.29,51.34,51.83,2579700.0,45.05,0.0,1.0
DRI,03/23/2012,50.99,51.21,49.83,50.92,4507200.0,44.25,0.0,1.0
DRI,03/26/2012,51.64,52.15,51.17,51.94,2020500.0,45.14,0.0,1.0
DRI,03/27/2012,51.81,51.94,50.71,50.82,2844900.0,44.17,0.0,1.0
DRI,03/28/2012,50.86,51.24,50.08,50.21,2456600.0,43.64,0.0,1.0
DRI,03/29/2012,50.16,50.84,49.67,50.7,2456200.0,44.06,0.0,1.0
DRI,03/30/2012,51.04,51.3,50.52,51.16,2867800.0,44.46,0.0,1.0
DRI,04/02/2012,50.43,51.65,50.15,51.26,2704500.0,44.55,0.0,1.0
DRI,04/03/2012,51.27,51.43,50.73,50.86,1916800.0,44.2,0.0,1.0
DRI,04/04/2012,50.36,50.39,49.86,50.11,2667600.0,43.55,0.0,1.0
DRI,04/05/2012,49.69,50.06,49.3,50.0,2101800.0,43.83,0.43,1.0
DRI,04/09/2012,49.3,49.48,48.81,49.28,1724700.0,43.2,0.0,1.0
DRI,04/10/2012,49.29,49.58,48.49,48.76,2372600.0,42.74,0.0,1.0
DRI,04/11/2012,49.28,50.18,48.93,49.85,1958300.0,43.7,0.0,1.0
DRI,04/12/2012,49.89,50.01,49.46,49.79,1895000.0,43.65,0.0,1.0
DRI,04/13/2012,49.71,50.51,49.62,50.28,1716700.0,44.07,0.0,1.0
DRI,04/16/2012,50.5,50.74,49.58,50.21,1687700.0,44.01,0.0,1.0
DRI,04/17/2012,50.36,50.36,49.57,49.81,2506300.0,43.66,0.0,1.0
DRI,04/18/2012,49.76,50.42,49.6,50.23,1718800.0,44.03,0.0,1.0
DRI,04/19/2012,50.27,50.54,49.43,49.71,1710500.0,43.57,0.0,1.0
DRI,04/20/2012,49.79,50.33,49.71,49.93,1608700.0,43.77,0.0,1.0
DRI,04/23/2012,49.72,50.44,48.95,49.95,2306600.0,43.79,0.0,1.0
DRI,04/24/2012,50.02,50.79,49.45,50.39,2465600.0,44.17,0.0,1.0
DRI,04/25/2012,50.44,51.0,49.89,50.8,2501300.0,44.53,0.0,1.0
DRI,04/26/2012,50.74,51.18,50.5,50.86,1382600.0,44.58,0.0,1.0
DRI,04/27/2012,50.91,50.91,49.94,50.44,2376300.0,44.21,0.0,1.0
DRI,04/30/2012,50.33,50.55,49.94,50.08,1296000.0,43.9,0.0,1.0
DRI,05/01/2012,50.7,51.85,50.5,51.38,2973500.0,45.04,0.0,1.0
DRI,05/02/2012,51.25,51.58,50.65,50.98,2333100.0,44.69,0.0,1.0
DRI,05/03/2012,51.07,51.07,50.4,50.5,1356200.0,44.27,0.0,1.0
DRI,05/04/2012,50.41,51.0,50.0,50.62,2302200.0,44.37,0.0,1.0
DRI,05/07/2012,50.37,50.74,50.15,50.44,1518900.0,44.21,0.0,1.0
DRI,05/08/2012,50.25,50.25,49.61,50.15,2347300.0,43.96,0.0,1.0
DRI,05/09/2012,49.68,50.49,49.67,50.18,1671000.0,43.99,0.0,1.0
DRI,05/10/2012,50.6,51.08,50.34,50.89,1574000.0,44.61,0.0,1.0
DRI,05/11/2012,50.69,51.54,50.54,50.63,1824000.0,44.38,0.0,1.0
DRI,05/14/2012,50.14,50.64,49.76,50.43,1877700.0,44.21,0.0,1.0
DRI,05/15/2012,50.53,51.9,50.46,51.51,2786100.0,45.15,0.0,1.0
DRI,05/16/2012,51.88,55.84,51.56,53.37,9008800.0,46.78,0.0,1.0
DRI,05/17/2012,53.22,53.22,51.7,51.73,2957200.0,45.35,0.0,1.0
DRI,05/18/2012,51.82,52.2,51.01,51.13,1519200.0,44.82,0.0,1.0
DRI,05/21/2012,51.21,52.26,50.79,52.15,1580800.0,45.71,0.0,1.0
DRI,05/22/2012,52.41,52.76,52.1,52.38,1492800.0,45.92,0.0,1.0
DRI,05/23/2012,52.07,53.4,51.79,53.33,1500000.0,46.75,0.0,1.0
DRI,05/24/2012,53.4,54.19,52.89,53.24,2010400.0,46.67,0.0,1.0
DRI,05/25/2012,52.96,53.45,52.86,53.06,1578200.0,46.51,0.0,1.0
DRI,05/29/2012,53.34,53.83,53.0,53.75,1223700.0,47.12,0.0,1.0
DRI,05/30/2012,52.53,52.53,51.42,51.66,2888200.0,45.28,0.0,1.0
DRI,05/31/2012,51.75,52.05,51.37,51.73,1952200.0,45.35,0.0,1.0
DRI,06/01/2012,50.51,50.98,49.5,49.87,2247500.0,43.72,0.0,1.0
DRI,06/04/2012,49.38,49.82,48.5,49.17,2762400.0,43.1,0.0,1.0
DRI,06/05/2012,48.81,49.45,48.39,49.24,2545400.0,43.16,0.0,1.0
DRI,06/06/2012,49.8,50.38,49.45,49.81,2326200.0,43.66,0.0,1.0
DRI,06/07/2012,50.62,50.7,49.06,49.21,2392700.0,43.14,0.0,1.0
DRI,06/08/2012,48.93,50.1,48.81,50.02,1448600.0,43.85,0.0,1.0
DRI,06/11/2012,50.32,50.5,49.49,49.49,2010000.0,43.38,0.0,1.0
DRI,06/12/2012,49.66,49.88,48.87,49.59,2426600.0,43.47,0.0,1.0
DRI,06/13/2012,49.38,50.15,49.1,49.28,1395700.0,43.2,0.0,1.0
DRI,06/14/2012,48.9,50.69,48.9,50.13,2141500.0,43.94,0.0,1.0
DRI,06/15/2012,50.65,52.06,50.44,51.46,3608000.0,45.11,0.0,1.0
DRI,06/18/2012,51.21,51.74,50.58,51.61,1749100.0,45.24,0.0,1.0
DRI,06/19/2012,51.45,51.77,51.05,51.49,2212500.0,45.14,0.0,1.0
DRI,06/20/2012,51.67,51.88,50.95,51.45,1814100.0,45.1,0.0,1.0
DRI,06/21/2012,51.5,51.98,50.14,50.39,2922400.0,44.17,0.0,1.0
DRI,06/22/2012,49.6,50.32,48.94,50.04,4658600.0,43.86,0.0,1.0
DRI,06/25/2012,49.26,49.71,48.71,49.54,2521300.0,43.43,0.0,1.0
DRI,06/26/2012,49.57,50.25,49.21,50.03,2456600.0,43.86,0.0,1.0
DRI,06/27/2012,50.23,50.4,49.2,49.49,2386700.0,43.38,0.0,1.0
DRI,06/28/2012,49.75,49.75,48.78,49.2,2392300.0,43.13,0.0,1.0
DRI,06/29/2012,50.21,50.68,49.48,50.63,1877800.0,44.38,0.0,1.0
DRI,07/02/2012,50.86,51.27,50.43,50.71,1504100.0,44.45,0.0,1.0
DRI,07/03/2012,50.82,51.37,50.42,51.26,818600.0,44.93,0.0,1.0
DRI,07/05/2012,51.09,52.41,51.09,51.88,1924500.0,45.48,0.0,1.0
DRI,07/06/2012,50.8,51.01,50.53,50.79,1189500.0,44.96,0.5,1.0
DRI,07/09/2012,50.8,51.29,50.57,50.93,1122900.0,45.08,0.0,1.0
DRI,07/10/2012,51.15,51.48,50.32,50.66,1333400.0,44.84,0.0,1.0
DRI,07/11/2012,50.77,51.06,50.08,50.38,962200.0,44.6,0.0,1.0
DRI,07/12/2012,50.15,50.61,49.61,50.2,2040800.0,44.44,0.0,1.0
DRI,07/13/2012,49.64,50.69,49.53,50.22,2023500.0,44.46,0.0,1.0
DRI,07/16/2012,50.22,50.98,50.18,50.32,1110500.0,44.54,0.0,1.0
DRI,07/17/2012,50.5,51.34,50.43,51.29,1207000.0,45.4,0.0,1.0
DRI,07/18/2012,51.1,51.8,50.77,51.48,1240600.0,45.57,0.0,1.0
DRI,07/19/2012,51.35,52.51,51.31,52.09,1258300.0,46.11,0.0,1.0
DRI,07/20/2012,51.08,51.22,50.52,51.1,1379600.0,45.23,0.0,1.0
DRI,07/23/2012,50.41,50.58,49.55,49.9,1607400.0,44.17,0.0,1.0
DRI,07/24/2012,50.05,50.27,48.92,49.2,1823400.0,43.55,0.0,1.0
DRI,07/25/2012,49.79,49.79,48.78,49.05,923500.0,43.42,0.0,1.0
DRI,07/26/2012,49.86,51.13,49.86,50.99,2150200.0,45.14,0.0,1.0
DRI,07/27/2012,51.1,52.3,51.1,51.99,2067800.0,46.02,0.0,1.0
DRI,07/30/2012,51.99,52.16,51.18,51.85,1430200.0,45.9,0.0,1.0
DRI,07/31/2012,51.73,51.95,51.01,51.18,1181800.0,45.31,0.0,1.0
DRI,08/01/2012,51.29,51.29,51.29,51.29,1445500.0,45.4,0.0,1.0
DRI,08/02/2012,51.0,51.43,50.68,51.2,1252700.0,45.32,0.0,1.0
DRI,08/03/2012,52.0,52.94,51.66,52.45,1098900.0,46.43,0.0,1.0
DRI,08/06/2012,52.48,53.27,52.47,52.83,1225700.0,46.77,0.0,1.0
DRI,08/07/2012,53.19,53.86,53.03,53.11,1379100.0,47.01,0.0,1.0
DRI,08/08/2012,52.75,53.54,52.46,53.47,1139100.0,47.33,0.0,1.0
DRI,08/09/2012,53.61,53.78,53.07,53.11,1072900.0,47.01,0.0,1.0
DRI,08/10/2012,52.83,53.07,52.39,52.85,1460200.0,46.78,0.0,1.0
DRI,08/13/2012,52.86,52.92,52.43,52.87,1023300.0,46.8,0.0,1.0
DRI,08/14/2012,53.16,53.87,53.03,53.4,1404600.0,47.27,0.0,1.0
DRI,08/15/2012,53.5,54.09,53.17,53.36,1250300.0,47.23,0.0,1.0
DRI,08/16/2012,53.39,53.95,53.37,53.84,1207700.0,47.66,0.0,1.0
DRI,08/17/2012,53.97,54.0,53.58,53.87,961300.0,47.69,0.0,1.0
DRI,08/20/2012,53.74,53.83,53.16,53.46,1035100.0,47.32,0.0,1.0
DRI,08/21/2012,53.43,53.73,52.93,53.15,1218900.0,47.05,0.0,1.0
DRI,08/22/2012,53.16,53.32,52.48,52.85,917800.0,46.78,0.0,1.0
DRI,08/23/2012,52.31,52.31,51.42,51.45,1978400.0,45.54,0.0,1.0
DRI,08/24/2012,51.49,52.39,51.29,52.35,1111000.0,46.34,0.0,1.0
DRI,08/27/2012,52.55,52.63,52.14,52.17,1034200.0,46.18,0.0,1.0
DRI,08/28/2012,52.19,52.57,51.97,52.09,913000.0,46.11,0.0,1.0
DRI,08/29/2012,52.23,52.76,52.23,52.48,835800.0,46.46,0.0,1.0
DRI,08/30/2012,52.45,52.75,52.11,52.2,1134400.0,46.21,0.0,1.0
DRI,08/31/2012,52.61,52.65,51.86,51.95,938400.0,45.99,0.0,1.0
DRI,09/04/2012,51.82,52.11,51.3,51.76,1247800.0,45.82,0.0,1.0
DRI,09/05/2012,51.85,52.38,51.62,52.07,1025500.0,46.09,0.0,1.0
DRI,09/06/2012,52.51,53.62,52.33,53.52,1126900.0,47.38,0.0,1.0
DRI,09/07/2012,53.5,53.79,53.28,53.49,981200.0,47.35,0.0,1.0
DRI,09/10/2012,53.39,54.25,53.39,53.94,982400.0,47.75,0.0,1.0
DRI,09/11/2012,53.91,54.42,53.69,53.88,1408400.0,47.7,0.0,1.0
DRI,09/12/2012,54.22,54.96,54.08,54.58,1542000.0,48.31,0.0,1.0
DRI,09/13/2012,54.1,55.0,53.68,54.83,1913000.0,48.54,0.0,1.0
DRI,09/14/2012,54.9,55.13,54.01,54.04,1834300.0,47.84,0.0,1.0
DRI,09/17/2012,54.06,54.52,53.88,54.48,1857300.0,48.23,0.0,1.0
DRI,09/18/2012,54.29,54.97,54.13,54.85,1343000.0,48.55,0.0,1.0
DRI,09/19/2012,54.83,55.58,54.24,55.3,1660000.0,48.95,0.0,1.0
DRI,09/20/2012,55.0,55.04,54.38,54.72,2268700.0,48.44,0.0,1.0
DRI,09/21/2012,56.86,57.93,56.68,57.21,3687500.0,50.64,0.0,1.0
DRI,09/24/2012,56.28,57.07,56.04,56.63,1619300.0,50.13,0.0,1.0
DRI,09/25/2012,56.84,56.84,55.84,55.85,1887300.0,49.44,0.0,1.0
DRI,09/26/2012,55.95,56.17,55.54,55.77,993100.0,49.37,0.0,1.0
DRI,09/27/2012,55.99,56.34,55.76,55.89,1127000.0,49.47,0.0,1.0
DRI,09/28/2012,55.58,55.84,55.02,55.75,1400300.0,49.35,0.0,1.0
DRI,10/01/2012,55.89,56.18,55.45,55.61,1281900.0,49.23,0.0,1.0
DRI,10/02/2012,55.91,55.94,55.26,55.47,1236700.0,49.1,0.0,1.0
DRI,10/03/2012,55.61,56.05,55.32,55.68,1277800.0,49.29,0.0,1.0
DRI,10/04/2012,55.86,56.14,55.52,56.04,1133000.0,49.61,0.0,1.0
DRI,10/05/2012,55.86,55.9,54.79,55.09,1292900.0,49.21,0.5,1.0
DRI,10/08/2012,55.01,55.46,54.81,55.1,1040300.0,49.22,0.0,1.0
DRI,10/09/2012,55.18,55.37,54.57,54.74,1221400.0,48.9,0.0,1.0
DRI,10/10/2012,55.1,55.5,54.61,54.68,769200.0,48.84,0.0,1.0
DRI,10/11/2012,54.8,54.8,54.28,54.44,1002500.0,48.63,0.0,1.0
DRI,10/12/2012,54.6,54.89,54.29,54.35,698500.0,48.55,0.0,1.0
DRI,10/15/2012,54.52,54.65,53.96,54.18,1262800.0,48.4,0.0,1.0
DRI,10/16/2012,54.63,55.38,54.46,55.25,1075900.0,49.35,0.0,1.0
DRI,10/17/2012,55.43,55.9,55.08,55.1,812900.0,49.22,0.0,1.0
DRI,10/18/2012,54.9,55.3,54.73,55.21,821000.0,49.32,0.0,1.0
DRI,10/19/2012,54.91,54.91,53.35,53.83,1727400.0,48.08,0.0,1.0
DRI,10/22/2012,53.82,53.87,53.13,53.66,975700.0,47.93,0.0,1.0
DRI,10/23/2012,52.93,53.6,52.75,53.45,987100.0,47.74,0.0,1.0
DRI,10/24/2012,53.64,53.64,51.79,52.18,2203400.0,46.61,0.0,1.0
DRI,10/25/2012,52.56,52.96,51.94,52.66,1074200.0,47.04,0.0,1.0
DRI,10/26/2012,52.74,52.74,52.23,52.54,1136800.0,46.93,0.0,1.0
DRI,10/31/2012,52.9,53.14,52.12,52.62,800600.0,47.0,0.0,1.0
DRI,11/01/2012,52.93,53.45,52.68,53.2,954000.0,47.52,0.0,1.0
DRI,11/02/2012,53.47,53.62,52.56,52.63,1659200.0,47.01,0.0,1.0
DRI,11/05/2012,52.45,53.04,52.03,53.01,1410000.0,47.35,0.0,1.0
DRI,11/06/2012,53.24,54.21,53.05,54.07,1281500.0,48.3,0.0,1.0
DRI,11/07/2012,53.66,53.74,52.65,52.74,1694500.0,47.11,0.0,1.0
DRI,11/08/2012,52.61,52.75,51.15,51.35,1399000.0,45.87,0.0,1.0
DRI,11/09/2012,51.29,51.79,50.95,51.61,943500.0,46.1,0.0,1.0
DRI,11/12/2012,51.71,51.71,51.01,51.37,814900.0,45.89,0.0,1.0
DRI,11/13/2012,51.13,51.8,50.85,51.25,575200.0,45.78,0.0,1.0
DRI,11/14/2012,51.37,51.65,50.25,50.34,806600.0,44.97,0.0,1.0
DRI,11/15/2012,50.25,51.04,50.2,50.48,1262300.0,45.09,0.0,1.0
DRI,11/16/2012,50.59,50.98,50.0,50.92,992400.0,45.48,0.0,1.0
DRI,11/19/2012,51.39,52.01,51.15,51.9,981400.0,46.36,0.0,1.0
DRI,11/20/2012,51.91,52.73,51.84,52.49,1352300.0,46.89,0.0,1.0
DRI,11/21/2012,52.5,52.89,52.25,52.57,730200.0,46.96,0.0,1.0
DRI,11/23/2012,52.76,53.62,52.76,53.53,458400.0,47.82,0.0,1.0
DRI,11/26/2012,53.24,53.45,52.61,53.24,911400.0,47.56,0.0,1.0
DRI,11/27/2012,53.27,53.48,52.8,52.95,818100.0,47.3,0.0,1.0
DRI,11/28/2012,52.88,53.85,52.1,53.85,1199700.0,48.1,0.0,1.0
DRI,11/29/2012,53.95,54.19,53.52,53.65,892400.0,47.92,0.0,1.0
DRI,11/30/2012,53.27,53.32,52.68,52.88,1489900.0,47.23,0.0,1.0
DRI,12/03/2012,53.14,53.32,52.37,52.42,1129300.0,46.82,0.0,1.0
DRI,12/04/2012,48.0,48.58,46.58,47.4,10527200.0,42.34,0.0,1.0
DRI,12/05/2012,47.04,47.35,46.65,47.2,2343400.0,42.16,0.0,1.0
DRI,12/06/2012,47.0,47.35,46.73,47.04,1949800.0,42.02,0.0,1.0
DRI,12/07/2012,47.13,47.31,46.38,46.66,1734800.0,41.68,0.0,1.0
DRI,12/10/2012,46.67,47.14,46.56,46.81,1887700.0,41.81,0.0,1.0
DRI,12/11/2012,47.0,47.07,46.08,46.31,2189800.0,41.37,0.0,1.0
DRI,12/12/2012,46.59,46.59,45.41,45.8,3490900.0,40.91,0.0,1.0
DRI,12/13/2012,45.48,46.11,45.26,45.92,2682300.0,41.02,0.0,1.0
DRI,12/14/2012,45.93,46.59,45.72,46.46,2037700.0,41.5,0.0,1.0
DRI,12/17/2012,46.47,47.14,46.23,46.88,1619600.0,41.88,0.0,1.0
DRI,12/18/2012,47.04,47.48,46.77,47.23,2548300.0,42.19,0.0,1.0
DRI,12/19/2012,47.44,47.44,46.81,46.81,1475700.0,41.81,0.0,1.0
DRI,12/20/2012,46.71,46.9,45.25,45.47,3044200.0,40.62,0.0,1.0
DRI,12/21/2012,45.07,45.44,44.54,45.13,3043500.0,40.31,0.0,1.0
DRI,12/24/2012,45.19,45.19,44.63,44.86,666200.0,40.07,0.0,1.0
DRI,12/26/2012,44.99,44.99,44.36,44.52,1007100.0,39.77,0.0,1.0
DRI,12/27/2012,44.57,44.76,44.12,44.65,1492300.0,39.88,0.0,1.0
DRI,12/28/2012,44.27,44.7,44.2,44.44,1903200.0,39.7,0.0,1.0
DRI,12/31/2012,44.25,45.09,44.16,45.07,1686100.0,40.26,0.0,1.0
DRI,01/02/2013,45.68,45.9,44.83,45.4,1743800.0,40.55,0.0,1.0
DRI,01/03/2013,45.09,45.26,44.69,44.84,1810800.0,40.05,0.0,1.0
DRI,01/04/2013,44.98,46.58,44.98,46.46,2663700.0,41.5,0.0,1.0
DRI,01/07/2013,46.49,46.49,45.75,46.04,1814400.0,41.13,0.0,1.0
DRI,01/08/2013,45.24,45.43,44.91,45.31,1819900.0,40.92,0.5,1.0
DRI,01/09/2013,45.4,45.82,45.32,45.8,1826700.0,41.36,0.0,1.0
DRI,01/10/2013,46.0,46.0,44.95,45.24,1613900.0,40.86,0.0,1.0
DRI,01/11/2013,45.25,45.34,44.46,44.92,2058600.0,40.57,0.0,1.0
DRI,01/14/2013,44.95,45.06,44.58,44.64,1518800.0,40.31,0.0,1.0
DRI,01/15/2013,44.66,45.42,44.65,45.33,1479200.0,40.94,0.0,1.0
DRI,01/16/2013,45.27,45.41,44.81,45.36,1333300.0,40.96,0.0,1.0
DRI,01/17/2013,45.57,45.78,45.11,45.39,1363500.0,40.99,0.0,1.0
DRI,01/18/2013,45.38,45.61,45.27,45.38,1241600.0,40.98,0.0,1.0
DRI,01/22/2013,45.07,46.08,44.73,45.87,1809100.0,41.43,0.0,1.0
DRI,01/23/2013,45.78,46.09,45.5,45.5,1049500.0,41.09,0.0,1.0
DRI,01/24/2013,45.61,46.14,45.54,45.81,2145000.0,41.37,0.0,1.0
DRI,01/25/2013,46.03,46.06,45.46,45.87,1755100.0,41.43,0.0,1.0
DRI,01/28/2013,45.86,46.12,45.74,45.9,1521000.0,41.45,0.0,1.0
DRI,01/29/2013,45.9,46.12,45.64,45.99,1024300.0,41.53,0.0,1.0
DRI,01/30/2013,45.9,46.87,45.8,46.59,2156500.0,42.08,0.0,1.0
DRI,01/31/2013,46.5,46.61,46.11,46.5,1797900.0,41.99,0.0,1.0
DRI,02/01/2013,46.55,47.18,46.3,46.84,2597200.0,42.3,0.0,1.0
DRI,02/04/2013,46.75,47.4,46.51,46.93,3391500.0,42.38,0.0,1.0
DRI,02/05/2013,47.04,47.31,46.78,46.84,2194400.0,42.3,0.0,1.0
DRI,02/06/2013,46.79,47.35,46.6,47.32,2106800.0,42.73,0.0,1.0
DRI,02/07/2013,47.36,47.82,47.08,47.31,2137700.0,42.73,0.0,1.0
DRI,02/08/2013,47.41,47.41,46.98,47.36,1418000.0,42.77,0.0,1.0
DRI,02/11/2013,47.31,47.5,46.97,47.08,1365700.0,42.52,0.0,1.0
DRI,02/12/2013,47.0,47.03,46.47,46.81,1330600.0,42.27,0.0,1.0
DRI,02/13/2013,46.33,46.4,45.55,45.86,2659200.0,41.42,0.0,1.0
DRI,02/14/2013,45.78,45.91,45.37,45.52,1562800.0,41.11,0.0,1.0
DRI,02/15/2013,45.5,45.98,45.06,45.15,1963400.0,40.78,0.0,1.0
DRI,02/19/2013,45.3,45.85,45.05,45.25,2147300.0,40.87,0.0,1.0
DRI,02/20/2013,45.32,45.73,44.8,44.85,2196400.0,40.5,0.0,1.0
DRI,02/21/2013,44.83,45.3,44.11,44.74,3913600.0,40.4,0.0,1.0
DRI,02/22/2013,45.13,46.65,45.06,46.23,7661700.0,41.75,0.0,1.0
DRI,02/25/2013,46.21,46.55,45.23,45.25,3423300.0,40.87,0.0,1.0
DRI,02/26/2013,44.89,46.0,44.81,45.79,2761900.0,41.35,0.0,1.0
DRI,02/27/2013,46.21,47.12,46.08,46.83,2252300.0,42.29,0.0,1.0
DRI,02/28/2013,46.83,46.84,46.17,46.27,2116900.0,41.79,0.0,1.0
DRI,03/01/2013,45.94,46.21,45.43,46.18,3374100.0,41.71,0.0,1.0
DRI,03/04/2013,46.18,46.65,46.16,46.27,1845400.0,41.79,0.0,1.0
DRI,03/05/2013,46.5,46.76,46.34,46.62,1153900.0,42.1,0.0,1.0
DRI,03/06/2013,46.65,47.46,46.65,47.26,2039700.0,42.68,0.0,1.0
DRI,03/07/2013,47.26,47.54,46.87,47.48,1713100.0,42.88,0.0,1.0
DRI,03/08/2013,47.69,47.7,46.93,47.33,1368800.0,42.74,0.0,1.0
DRI,03/11/2013,47.18,47.67,47.06,47.59,1247800.0,42.98,0.0,1.0
DRI,03/12/2013,47.63,47.97,47.55,47.93,1454100.0,43.29,0.0,1.0
DRI,03/13/2013,47.91,49.17,47.91,49.01,2592700.0,44.26,0.0,1.0
DRI,03/14/2013,49.02,49.13,48.65,48.88,1117700.0,44.14,0.0,1.0
DRI,03/15/2013,48.64,49.53,48.63,49.37,2077700.0,44.59,0.0,1.0
DRI,03/18/2013,48.95,49.12,48.54,48.88,1206400.0,44.14,0.0,1.0
DRI,03/19/2013,48.9,49.0,48.43,48.66,961800.0,43.94,0.0,1.0
DRI,03/20/2013,48.77,49.17,48.45,48.74,1393800.0,44.02,0.0,1.0
DRI,03/21/2013,48.56,49.05,48.32,48.96,2046200.0,44.22,0.0,1.0
DRI,03/22/2013,48.8,49.87,48.66,49.62,2352300.0,44.81,0.0,1.0
DRI,03/25/2013,50.21,50.91,49.9,50.38,2638600.0,45.5,0.0,1.0
DRI,03/26/2013,50.46,50.69,50.01,50.69,1655400.0,45.78,0.0,1.0
DRI,03/27/2013,50.5,50.72,50.12,50.66,870900.0,45.75,0.0,1.0
DRI,03/28/2013,50.59,51.86,50.55,51.68,2046800.0,46.67,0.0,1.0
DRI,04/01/2013,51.74,51.74,50.84,50.9,1682600.0,45.97,0.0,1.0
DRI,04/02/2013,51.17,51.5,51.11,51.33,1670200.0,46.36,0.0,1.0
DRI,04/03/2013,51.52,52.0,50.5,50.61,1694400.0,45.71,0.0,1.0
DRI,04/04/2013,50.82,51.36,50.8,51.08,3554000.0,46.13,0.0,1.0
DRI,04/05/2013,50.57,50.7,49.93,50.54,3343300.0,45.64,0.0,1.0
DRI,04/08/2013,49.99,50.25,49.49,49.9,1408600.0,45.52,0.5,1.0
DRI,04/09/2013,49.93,50.21,48.66,49.1,3725000.0,44.79,0.0,1.0
DRI,04/10/2013,49.34,50.36,49.24,50.17,2015000.0,45.76,0.0,1.0
DRI,04/11/2013,50.09,50.55,49.63,49.83,2192500.0,45.45,0.0,1.0
DRI,04/12/2013,49.73,50.39,49.69,50.26,1465300.0,45.84,0.0,1.0
DRI,04/15/2013,50.12,50.47,48.68,48.81,1592200.0,44.52,0.0,1.0
DRI,04/16/2013,49.22,49.57,48.76,49.44,1623800.0,45.1,0.0,1.0
DRI,04/17/2013,49.1,49.24,48.37,48.77,1111200.0,44.49,0.0,1.0
DRI,04/18/2013,48.86,49.03,48.25,48.83,1300500.0,44.54,0.0,1.0
DRI,04/19/2013,49.08,49.17,48.68,48.89,830700.0,44.6,0.0,1.0
DRI,04/22/2013,49.0,49.18,48.48,49.06,1079700.0,44.75,0.0,1.0
DRI,04/23/2013,49.23,50.21,49.07,49.88,2050200.0,45.5,0.0,1.0
DRI,04/24/2013,50.05,50.7,49.95,50.35,2098700.0,45.93,0.0,1.0
DRI,04/25/2013,50.78,51.4,50.65,50.97,1741600.0,46.49,0.0,1.0
DRI,04/26/2013,50.82,51.34,50.73,50.99,1054700.0,46.51,0.0,1.0
DRI,04/29/2013,51.15,51.15,50.7,50.88,1020500.0,46.41,0.0,1.0
DRI,04/30/2013,51.3,51.63,51.01,51.63,1901900.0,47.09,0.0,1.0
DRI,05/01/2013,51.43,51.96,51.38,51.69,1684700.0,47.15,0.0,1.0
DRI,05/02/2013,51.69,52.49,51.47,52.33,1752200.0,47.73,0.0,1.0
DRI,05/03/2013,52.5,53.3,52.41,52.82,1616500.0,48.18,0.0,1.0
DRI,05/06/2013,52.75,53.2,52.66,52.91,722300.0,48.26,0.0,1.0
DRI,05/07/2013,53.03,53.27,52.69,53.16,735100.0,48.49,0.0,1.0
DRI,05/08/2013,53.0,53.31,52.74,53.31,908400.0,48.63,0.0,1.0
DRI,05/09/2013,53.41,53.43,52.68,52.99,709300.0,48.33,0.0,1.0
DRI,05/10/2013,53.04,53.71,53.04,53.56,682200.0,48.85,0.0,1.0
DRI,05/13/2013,53.48,53.74,53.07,53.16,938600.0,48.49,0.0,1.0
DRI,05/14/2013,53.23,53.8,52.85,53.76,900900.0,49.04,0.0,1.0
DRI,05/15/2013,53.64,54.21,53.61,53.91,996400.0,49.17,0.0,1.0
DRI,05/16/2013,53.75,53.75,52.76,52.78,1469900.0,48.14,0.0,1.0
DRI,05/17/2013,52.83,53.43,52.71,53.43,1121100.0,48.74,0.0,1.0
DRI,05/20/2013,53.44,53.75,53.13,53.45,602000.0,48.75,0.0,1.0
DRI,05/21/2013,53.56,53.74,53.35,53.65,828400.0,48.94,0.0,1.0
DRI,05/22/2013,53.57,53.77,52.49,52.62,1206400.0,48.0,0.0,1.0
DRI,05/23/2013,52.25,53.24,52.07,53.22,710000.0,48.54,0.0,1.0
DRI,05/24/2013,52.72,53.0,52.5,52.83,1001700.0,48.19,0.0,1.0
DRI,05/28/2013,53.25,53.6,53.01,53.33,744700.0,48.65,0.0,1.0
DRI,05/29/2013,53.03,53.32,52.81,52.91,933500.0,48.26,0.0,1.0
DRI,05/30/2013,53.07,53.22,52.4,52.48,755000.0,47.87,0.0,1.0
DRI,05/31/2013,52.44,52.87,51.79,51.8,984300.0,47.25,0.0,1.0
DRI,06/03/2013,51.91,52.61,51.9,52.56,879300.0,47.94,0.0,1.0
DRI,06/04/2013,52.73,53.91,52.73,53.28,1484600.0,48.6,0.0,1.0
DRI,06/05/2013,53.19,53.19,52.45,52.74,1069800.0,48.11,0.0,1.0
DRI,06/06/2013,52.72,53.35,52.58,53.31,928900.0,48.63,0.0,1.0
DRI,06/07/2013,53.54,54.33,53.39,54.23,922500.0,49.47,0.0,1.0
DRI,06/10/2013,54.56,55.25,54.21,54.66,891300.0,49.86,0.0,1.0
DRI,06/11/2013,54.29,54.81,54.06,54.23,966200.0,49.47,0.0,1.0
DRI,06/12/2013,54.27,54.3,52.08,52.67,2670900.0,48.04,0.0,1.0
DRI,06/13/2013,52.71,53.49,52.44,53.28,1284800.0,48.6,0.0,1.0
DRI,06/14/2013,53.21,53.36,52.47,52.54,874900.0,47.92,0.0,1.0
DRI,06/17/2013,52.94,53.15,52.47,52.77,1282800.0,48.13,0.0,1.0
DRI,06/18/2013,52.75,53.32,52.62,53.13,1574500.0,48.46,0.0,1.0
DRI,06/19/2013,53.27,53.65,52.56,52.62,1592500.0,48.0,0.0,1.0
DRI,06/20/2013,52.41,52.64,50.98,51.23,2438700.0,46.73,0.0,1.0
DRI,06/21/2013,50.94,51.0,48.78,50.12,5735000.0,45.72,0.0,1.0
DRI,06/24/2013,49.48,49.56,48.43,49.03,3396800.0,44.72,0.0,1.0
DRI,06/25/2013,49.48,49.54,48.7,49.07,3022300.0,44.76,0.0,1.0
DRI,06/26/2013,49.4,49.93,49.21,49.55,1255300.0,45.2,0.0,1.0
DRI,06/27/2013,49.93,50.29,49.32,49.41,1579400.0,45.07,0.0,1.0
DRI,06/28/2013,49.4,50.73,49.11,50.48,3477700.0,46.05,0.0,1.0
DRI,07/01/2013,50.73,51.28,50.51,50.64,1647000.0,46.19,0.0,1.0
DRI,07/02/2013,50.63,51.19,50.53,50.91,1408400.0,46.44,0.0,1.0
DRI,07/03/2013,50.63,51.1,50.34,50.96,671800.0,46.48,0.0,1.0
DRI,07/05/2013,51.34,51.46,50.84,51.33,649100.0,46.82,0.0,1.0
DRI,07/08/2013,51.1,51.9,51.1,51.72,1408800.0,47.68,0.55,1.0
DRI,07/09/2013,52.01,52.24,51.75,51.89,825900.0,47.83,0.0,1.0
DRI,07/10/2013,51.81,51.89,50.53,50.95,1604900.0,46.97,0.0,1.0
DRI,07/11/2013,51.37,51.5,50.3,50.55,1553300.0,46.6,0.0,1.0
DRI,07/12/2013,50.59,50.86,50.32,50.43,1523200.0,46.49,0.0,1.0
DRI,07/15/2013,50.3,51.18,50.3,51.15,1592300.0,47.15,0.0,1.0
DRI,07/16/2013,50.75,51.08,50.08,50.34,1047200.0,46.41,0.0,1.0
DRI,07/17/2013,50.4,50.58,49.39,49.56,1242700.0,45.69,0.0,1.0
DRI,07/18/2013,49.8,50.11,49.8,50.07,1349900.0,46.16,0.0,1.0
DRI,07/19/2013,50.15,50.19,49.45,49.49,1101900.0,45.62,0.0,1.0
DRI,07/22/2013,49.46,49.69,49.14,49.22,1175100.0,45.37,0.0,1.0
DRI,07/23/2013,49.44,49.5,49.06,49.21,1148500.0,45.36,0.0,1.0
DRI,07/24/2013,49.21,49.32,48.15,48.38,1389000.0,44.6,0.0,1.0
DRI,07/25/2013,48.15,48.41,47.76,48.39,1393000.0,44.61,0.0,1.0
DRI,07/26/2013,48.19,48.95,48.16,48.93,1733500.0,45.11,0.0,1.0
DRI,07/29/2013,49.0,49.33,48.81,49.02,994600.0,45.19,0.0,1.0
DRI,07/30/2013,49.13,49.34,48.89,49.02,1027700.0,45.19,0.0,1.0
DRI,07/31/2013,49.02,49.62,48.97,49.05,1320100.0,45.22,0.0,1.0
DRI,08/01/2013,49.38,49.94,49.32,49.56,1380100.0,45.69,0.0,1.0
DRI,08/02/2013,49.7,49.97,49.34,49.88,1067100.0,45.98,0.0,1.0
DRI,08/05/2013,49.7,49.83,49.11,49.62,998100.0,45.74,0.0,1.0
DRI,08/06/2013,49.64,50.15,49.19,49.25,1432700.0,45.4,0.0,1.0
DRI,08/07/2013,49.23,49.99,49.15,49.68,910900.0,45.8,0.0,1.0
DRI,08/08/2013,49.86,49.98,49.47,49.54,733100.0,45.67,0.0,1.0
DRI,08/09/2013,49.55,49.97,49.42,49.56,881100.0,45.69,0.0,1.0
DRI,08/12/2013,49.38,49.55,49.06,49.26,1078300.0,45.41,0.0,1.0
DRI,08/13/2013,49.18,49.22,48.71,49.14,854500.0,45.3,0.0,1.0
DRI,08/14/2013,48.99,49.05,48.55,48.76,1095500.0,44.95,0.0,1.0
DRI,08/15/2013,48.4,48.48,47.67,47.84,1531200.0,44.1,0.0,1.0
DRI,08/16/2013,47.81,48.1,47.6,47.91,1072400.0,44.17,0.0,1.0
DRI,08/19/2013,47.92,48.05,47.51,47.65,1069100.0,43.93,0.0,1.0
DRI,08/20/2013,47.72,48.47,47.6,47.84,2582700.0,44.1,0.0,1.0
DRI,08/21/2013,47.5,47.96,46.69,46.93,1931300.0,43.26,0.0,1.0
DRI,08/22/2013,47.16,47.63,47.05,47.27,1272900.0,43.58,0.0,1.0
DRI,08/23/2013,47.25,47.48,46.62,47.01,1881200.0,43.34,0.0,1.0
DRI,08/26/2013,47.16,47.38,46.86,46.93,870600.0,43.26,0.0,1.0
DRI,08/27/2013,46.57,46.87,46.31,46.46,1391500.0,42.83,0.0,1.0
DRI,08/28/2013,46.35,46.85,46.11,46.36,1075600.0,42.74,0.0,1.0
DRI,08/29/2013,46.39,46.77,46.33,46.55,790000.0,42.91,0.0,1.0
DRI,08/30/2013,46.26,46.45,46.0,46.21,1073200.0,42.6,0.0,1.0
DRI,09/03/2013,46.74,46.89,45.71,46.21,1516300.0,42.6,0.0,1.0
DRI,09/04/2013,46.19,46.91,46.03,46.77,1376800.0,43.12,0.0,1.0
DRI,09/05/2013,46.72,47.19,46.71,46.86,1063500.0,43.2,0.0,1.0
DRI,09/06/2013,47.38,47.9,46.91,47.45,1720200.0,43.74,0.0,1.0
DRI,09/09/2013,47.51,47.92,47.51,47.65,996900.0,43.93,0.0,1.0
DRI,09/10/2013,47.85,48.08,47.68,47.86,835100.0,44.12,0.0,1.0
DRI,09/11/2013,47.94,48.43,47.81,48.43,666600.0,44.65,0.0,1.0
DRI,09/12/2013,48.39,48.79,48.05,48.21,964400.0,44.44,0.0,1.0
DRI,09/13/2013,48.31,48.55,47.78,48.37,1044400.0,44.59,0.0,1.0
DRI,09/16/2013,48.81,49.26,48.7,48.85,1942300.0,45.03,0.0,1.0
DRI,09/17/2013,48.79,49.85,48.76,49.58,1534500.0,45.71,0.0,1.0
DRI,09/18/2013,49.5,49.81,49.15,49.81,1112100.0,45.92,0.0,1.0
DRI,09/19/2013,49.78,49.8,48.92,49.3,1851100.0,45.45,0.0,1.0
DRI,09/20/2013,47.47,47.83,45.72,45.78,6344400.0,42.2,0.0,1.0
DRI,09/23/2013,45.81,46.31,44.78,46.26,3698800.0,42.64,0.0,1.0
DRI,09/24/2013,46.36,46.58,46.05,46.42,2123000.0,42.79,0.0,1.0
DRI,09/25/2013,46.41,46.45,45.98,46.0,1955800.0,42.41,0.0,1.0
DRI,09/26/2013,46.1,46.44,45.76,46.44,1680800.0,42.81,0.0,1.0
DRI,09/27/2013,46.21,46.75,46.17,46.7,1407900.0,43.05,0.0,1.0
DRI,09/30/2013,46.3,46.58,46.05,46.29,1335800.0,42.67,0.0,1.0
DRI,10/01/2013,46.32,46.9,46.31,46.86,1386400.0,43.2,0.0,1.0
DRI,10/02/2013,46.44,46.62,46.13,46.57,1252900.0,42.93,0.0,1.0
DRI,10/03/2013,46.39,46.45,45.43,45.95,2134500.0,42.36,0.0,1.0
DRI,10/04/2013,46.01,46.72,45.93,46.72,4868900.0,43.07,0.0,1.0
DRI,10/07/2013,46.37,46.49,45.85,45.89,3979400.0,42.3,0.0,1.0
DRI,10/08/2013,46.29,46.9,45.97,46.28,2723500.0,43.17,0.55,1.0
DRI,10/09/2013,46.25,51.17,45.68,49.57,12582800.0,46.24,0.0,1.0
DRI,10/10/2013,49.48,49.89,48.78,49.78,3434300.0,46.44,0.0,1.0
DRI,10/11/2013,49.59,50.51,49.26,50.5,2841800.0,47.11,0.0,1.0
DRI,10/14/2013,50.18,51.05,50.01,50.96,2510100.0,47.54,0.0,1.0
DRI,10/15/2013,50.78,51.43,50.58,51.01,4721400.0,47.58,0.0,1.0
DRI,10/16/2013,51.24,51.31,50.47,50.66,3578900.0,47.26,0.0,1.0
DRI,10/17/2013,50.55,52.74,49.68,51.8,5511000.0,48.32,0.0,1.0
DRI,10/18/2013,52.07,52.32,51.82,52.07,1806100.0,48.57,0.0,1.0
DRI,10/21/2013,51.97,52.1,51.77,52.07,1205900.0,48.57,0.0,1.0
DRI,10/22/2013,52.1,52.23,51.87,51.95,1034000.0,48.46,0.0,1.0
DRI,10/23/2013,51.67,51.88,50.91,51.04,1728400.0,47.61,0.0,1.0
DRI,10/24/2013,51.01,51.55,50.85,51.49,1169400.0,48.03,0.0,1.0
DRI,10/25/2013,51.62,51.74,51.15,51.7,942800.0,48.23,0.0,1.0
DRI,10/28/2013,51.79,51.79,51.26,51.53,1155800.0,48.07,0.0,1.0
DRI,10/29/2013,51.86,52.63,51.74,52.6,1633600.0,49.07,0.0,1.0
DRI,10/30/2013,52.67,52.7,52.04,52.23,738300.0,48.72,0.0,1.0
DRI,10/31/2013,52.12,52.15,51.39,51.53,984900.0,48.07,0.0,1.0
DRI,11/01/2013,51.64,51.74,51.12,51.48,931700.0,48.02,0.0,1.0
DRI,11/04/2013,51.57,52.02,51.52,51.99,943900.0,48.5,0.0,1.0
DRI,11/05/2013,51.97,52.97,51.77,52.96,1471600.0,49.4,0.0,1.0
DRI,11/06/2013,53.0,53.22,52.69,53.06,954100.0,49.49,0.0,1.0
DRI,11/07/2013,53.01,53.13,52.01,52.14,1185000.0,48.64,0.0,1.0
DRI,11/08/2013,52.14,52.32,51.91,52.16,831100.0,48.66,0.0,1.0
DRI,11/11/2013,52.12,52.5,51.84,52.15,1013500.0,48.65,0.0,1.0
DRI,11/12/2013,51.86,52.15,51.67,51.92,1168300.0,48.43,0.0,1.0
DRI,11/13/2013,51.52,52.33,51.43,52.21,972300.0,48.7,0.0,1.0
DRI,11/14/2013,52.19,52.76,52.12,52.66,718800.0,49.12,0.0,1.0
DRI,11/15/2013,52.68,53.88,52.53,53.5,1606900.0,49.91,0.0,1.0
DRI,11/18/2013,53.52,53.69,52.9,53.15,1066700.0,49.58,0.0,1.0
DRI,11/19/2013,52.99,53.19,52.39,52.76,1423200.0,49.21,0.0,1.0
DRI,11/20/2013,52.79,53.42,52.71,52.96,1287500.0,49.4,0.0,1.0
DRI,11/21/2013,53.25,53.79,52.71,53.57,1137800.0,49.97,0.0,1.0
DRI,11/22/2013,53.5,53.99,53.32,53.87,795000.0,50.25,0.0,1.0
DRI,11/25/2013,54.06,54.08,53.5,53.52,627000.0,49.92,0.0,1.0
DRI,11/26/2013,53.42,53.67,53.17,53.23,1005300.0,49.65,0.0,1.0
DRI,11/27/2013,53.18,53.72,53.06,53.49,1103400.0,49.9,0.0,1.0
DRI,11/29/2013,53.57,53.63,53.08,53.33,455900.0,49.75,0.0,1.0
DRI,12/02/2013,53.19,53.42,52.58,52.91,1668900.0,49.35,0.0,1.0
DRI,12/03/2013,52.56,52.72,51.81,52.2,1142500.0,48.69,0.0,1.0
DRI,12/04/2013,52.09,52.48,51.85,52.22,1374100.0,48.71,0.0,1.0
DRI,12/05/2013,52.24,52.49,51.94,52.06,734800.0,48.56,0.0,1.0
DRI,12/06/2013,52.45,52.75,52.38,52.48,1029400.0,48.95,0.0,1.0
DRI,12/09/2013,52.43,52.68,52.08,52.28,1119300.0,48.77,0.0,1.0
DRI,12/10/2013,52.21,52.38,51.72,51.83,994400.0,48.35,0.0,1.0
DRI,12/11/2013,51.76,51.98,51.16,51.47,2148100.0,48.01,0.0,1.0
DRI,12/12/2013,51.51,51.67,50.69,51.38,1078000.0,47.93,0.0,1.0
DRI,12/13/2013,51.58,51.72,51.32,51.63,1084400.0,48.16,0.0,1.0
DRI,12/16/2013,51.74,52.75,51.7,52.29,1915500.0,48.78,0.0,1.0
DRI,12/17/2013,52.25,53.0,51.96,52.33,1635700.0,48.81,0.0,1.0
DRI,12/18/2013,52.46,52.93,52.14,52.92,2037800.0,49.36,0.0,1.0
DRI,12/19/2013,51.79,51.82,49.35,51.02,14856700.0,47.59,0.0,1.0
DRI,12/20/2013,50.97,51.09,50.53,51.09,4305000.0,47.66,0.0,1.0
DRI,12/23/2013,52.0,54.89,51.45,54.35,5610400.0,50.7,0.0,1.0
DRI,12/24/2013,54.25,54.47,53.99,54.01,1277300.0,50.38,0.0,1.0
DRI,12/26/2013,54.02,54.41,53.91,54.32,894300.0,50.67,0.0,1.0
DRI,12/27/2013,54.65,54.85,54.16,54.33,755700.0,50.68,0.0,1.0
DRI,12/30/2013,54.28,54.83,54.08,54.47,967100.0,50.81,0.0,1.0
DRI,12/31/2013,54.46,54.7,54.16,54.37,719500.0,50.72,0.0,1.0
DRI,01/02/2014,54.18,54.34,53.3,53.32,1782700.0,49.74,0.0,1.0
DRI,01/03/2014,53.23,53.5,52.83,53.01,1824600.0,49.45,0.0,1.0
DRI,01/06/2014,52.57,52.68,51.66,52.01,2244800.0,48.52,0.0,1.0
DRI,01/07/2014,52.29,52.85,52.29,52.58,1480300.0,49.05,0.0,1.0
DRI,01/08/2014,51.58,52.05,51.3,51.61,1867500.0,48.66,0.55,1.0
DRI,01/09/2014,51.55,51.77,51.18,51.34,806000.0,48.4,0.0,1.0
DRI,01/10/2014,51.59,52.35,51.52,52.12,1329200.0,49.14,0.0,1.0
DRI,01/13/2014,52.05,52.12,50.72,50.83,1116600.0,47.92,0.0,1.0
DRI,01/14/2014,50.94,51.32,50.74,51.16,914300.0,48.23,0.0,1.0
DRI,01/15/2014,51.32,51.91,51.08,51.87,1144200.0,48.9,0.0,1.0
DRI,01/16/2014,51.92,52.8,51.75,52.24,1989900.0,49.25,0.0,1.0
DRI,01/17/2014,51.9,51.94,50.86,50.96,1100300.0,48.04,0.0,1.0
DRI,01/21/2014,51.37,51.7,50.47,50.77,1182700.0,47.86,0.0,1.0
DRI,01/22/2014,51.26,51.49,50.61,50.88,881200.0,47.97,0.0,1.0
DRI,01/23/2014,50.49,51.18,50.06,51.09,1282700.0,48.17,0.0,1.0
DRI,01/24/2014,50.62,51.11,50.09,50.1,1044900.0,47.23,0.0,1.0
DRI,01/27/2014,50.25,50.72,49.97,50.23,1007700.0,47.35,0.0,1.0
DRI,01/28/2014,50.23,50.9,50.12,50.16,1122800.0,47.29,0.0,1.0
DRI,01/29/2014,49.9,50.09,48.88,49.17,1701400.0,46.35,0.0,1.0
DRI,01/30/2014,49.52,49.7,49.11,49.5,1473600.0,46.67,0.0,1.0
DRI,01/31/2014,49.06,49.86,48.76,49.44,1185700.0,46.61,0.0,1.0
DRI,02/03/2014,49.48,49.61,47.25,47.32,1627500.0,44.61,0.0,1.0
DRI,02/04/2014,47.8,48.02,47.46,47.71,1530400.0,44.98,0.0,1.0
DRI,02/05/2014,47.43,47.58,47.05,47.32,1394600.0,44.61,0.0,1.0
DRI,02/06/2014,47.4,48.19,47.39,47.82,854300.0,45.08,0.0,1.0
DRI,02/07/2014,48.14,48.3,47.59,48.26,962100.0,45.5,0.0,1.0
DRI,02/10/2014,48.18,48.93,48.0,48.41,1475000.0,45.64,0.0,1.0
DRI,02/11/2014,48.41,49.12,48.33,48.83,1026100.0,46.03,0.0,1.0
DRI,02/12/2014,48.81,49.12,48.43,48.49,774600.0,45.71,0.0,1.0
DRI,02/13/2014,48.14,48.47,48.01,48.17,1157100.0,45.41,0.0,1.0
DRI,02/14/2014,48.15,48.55,48.05,48.38,719000.0,45.61,0.0,1.0
DRI,02/18/2014,49.08,49.15,48.53,49.01,1639700.0,46.2,0.0,1.0
DRI,02/19/2014,48.86,49.55,48.67,48.96,1215600.0,46.16,0.0,1.0
DRI,02/20/2014,49.12,50.64,49.01,50.5,2182500.0,47.61,0.0,1.0
DRI,02/21/2014,50.6,51.24,50.35,51.01,2043300.0,48.09,0.0,1.0
DRI,02/24/2014,51.05,51.21,50.5,51.01,1278500.0,48.09,0.0,1.0
DRI,02/25/2014,51.13,51.25,50.55,50.59,1035300.0,47.69,0.0,1.0
DRI,02/26/2014,50.79,51.01,49.92,50.0,2174100.0,47.14,0.0,1.0
DRI,02/27/2014,49.92,50.06,49.58,49.8,2025200.0,46.95,0.0,1.0
DRI,02/28/2014,49.91,51.12,49.64,51.06,1540900.0,48.14,0.0,1.0
DRI,03/03/2014,49.18,49.5,48.07,48.33,3783100.0,45.56,0.0,1.0
DRI,03/04/2014,48.75,48.75,47.99,48.62,2465500.0,45.84,0.0,1.0
DRI,03/05/2014,48.78,48.78,47.9,47.94,2031300.0,45.2,0.0,1.0
DRI,03/06/2014,48.21,49.17,48.11,48.91,2361500.0,46.11,0.0,1.0
DRI,03/07/2014,49.14,50.02,48.93,49.95,2072800.0,47.09,0.0,1.0
DRI,03/10/2014,49.96,50.48,49.8,50.08,1302300.0,47.21,0.0,1.0
DRI,03/11/2014,50.24,50.52,50.0,50.15,1067000.0,47.28,0.0,1.0
DRI,03/12/2014,49.87,50.43,49.52,50.33,1155700.0,47.45,0.0,1.0
DRI,03/13/2014,50.53,50.67,48.59,49.01,2816500.0,46.2,0.0,1.0
DRI,03/14/2014,48.9,49.61,48.9,49.22,1233300.0,46.4,0.0,1.0
DRI,03/17/2014,49.53,50.1,49.28,49.7,991300.0,46.85,0.0,1.0
DRI,03/18/2014,49.7,49.85,49.42,49.47,698000.0,46.64,0.0,1.0
DRI,03/19/2014,49.48,49.76,48.76,49.08,968200.0,46.27,0.0,1.0
DRI,03/20/2014,49.05,49.66,48.87,49.3,1334300.0,46.48,0.0,1.0
DRI,03/21/2014,50.0,50.94,49.52,50.66,2858300.0,47.76,0.0,1.0
DRI,03/24/2014,50.75,50.89,49.72,50.68,2413200.0,47.78,0.0,1.0
DRI,03/25/2014,50.92,50.95,50.29,50.71,1473000.0,47.81,0.0,1.0
DRI,03/26/2014,50.75,50.99,50.68,50.81,1179700.0,47.9,0.0,1.0
DRI,03/27/2014,50.83,50.92,50.0,50.19,1154400.0,47.32,0.0,1.0
DRI,03/28/2014,50.32,50.83,50.11,50.62,741200.0,47.72,0.0,1.0
DRI,03/31/2014,50.91,50.99,50.63,50.76,865000.0,47.85,0.0,1.0
DRI,04/01/2014,50.95,51.94,50.8,51.48,1845000.0,48.53,0.0,1.0
DRI,04/02/2014,51.56,52.13,51.41,52.09,1018300.0,49.11,0.0,1.0
DRI,04/03/2014,52.13,52.2,51.66,51.97,763700.0,48.99,0.0,1.0
DRI,04/04/2014,52.0,52.5,51.18,51.24,926500.0,48.31,0.0,1.0
DRI,04/07/2014,51.12,51.29,50.37,50.47,1018500.0,47.58,0.0,1.0
DRI,04/08/2014,49.89,50.11,49.51,49.67,1094500.0,47.34,0.55,1.0
DRI,04/09/2014,49.78,50.3,49.52,50.29,732200.0,47.94,0.0,1.0
DRI,04/10/2014,50.3,51.07,49.43,49.43,1151400.0,47.12,0.0,1.0
DRI,04/11/2014,49.2,49.47,48.44,48.46,1367900.0,46.19,0.0,1.0
DRI,04/14/2014,48.66,49.65,48.57,49.32,1328900.0,47.01,0.0,1.0
DRI,04/15/2014,49.32,49.57,48.32,48.4,1761300.0,46.13,0.0,1.0
DRI,04/16/2014,48.89,49.15,48.27,49.14,1287700.0,46.84,0.0,1.0
DRI,04/17/2014,49.24,49.36,48.24,48.47,1471200.0,46.2,0.0,1.0
DRI,04/21/2014,48.47,48.47,47.83,48.19,1031400.0,45.93,0.0,1.0
DRI,04/22/2014,48.32,50.14,48.12,49.87,2741700.0,47.54,0.0,1.0
DRI,04/23/2014,49.62,50.85,49.39,50.3,1745400.0,47.95,0.0,1.0
DRI,04/24/2014,50.55,50.56,49.98,50.11,883100.0,47.76,0.0,1.0
DRI,04/25/2014,49.88,50.07,49.54,49.92,851500.0,47.58,0.0,1.0
DRI,04/28/2014,50.17,50.44,49.37,49.86,679000.0,47.53,0.0,1.0
DRI,04/29/2014,50.17,50.26,49.71,50.21,873100.0,47.86,0.0,1.0
DRI,04/30/2014,49.99,50.05,49.56,49.71,998200.0,47.38,0.0,1.0
DRI,05/01/2014,49.72,49.81,49.46,49.63,728200.0,47.31,0.0,1.0
DRI,05/02/2014,49.78,50.24,49.61,49.67,742000.0,47.34,0.0,1.0
DRI,05/05/2014,49.38,49.64,48.91,49.11,746600.0,46.81,0.0,1.0
DRI,05/06/2014,49.03,49.49,48.96,49.23,708300.0,46.93,0.0,1.0
DRI,05/07/2014,49.38,49.41,49.04,49.2,1331800.0,46.9,0.0,1.0
DRI,05/08/2014,49.22,49.75,49.19,49.38,791600.0,47.07,0.0,1.0
DRI,05/09/2014,49.38,49.82,49.24,49.73,1092300.0,47.4,0.0,1.0
DRI,05/12/2014,50.02,50.69,49.99,50.6,1049100.0,48.23,0.0,1.0
DRI,05/13/2014,50.62,51.0,50.55,50.86,980800.0,48.48,0.0,1.0
DRI,05/14/2014,50.8,50.99,50.17,50.47,873900.0,48.11,0.0,1.0
DRI,05/15/2014,50.3,50.8,49.98,50.69,2139000.0,48.32,0.0,1.0
DRI,05/16/2014,49.42,49.61,48.28,48.49,4737100.0,46.22,0.0,1.0
DRI,05/19/2014,48.38,49.07,48.11,48.98,2479600.0,46.69,0.0,1.0
DRI,05/20/2014,48.68,49.0,47.92,47.98,2109100.0,45.73,0.0,1.0
DRI,05/21/2014,48.09,48.83,48.0,48.69,1385200.0,46.41,0.0,1.0
DRI,05/22/2014,48.65,49.71,48.41,49.51,1083000.0,47.19,0.0,1.0
DRI,05/23/2014,49.44,49.8,49.38,49.55,926300.0,47.23,0.0,1.0
DRI,05/27/2014,49.71,50.04,49.58,49.75,1156000.0,47.42,0.0,1.0
DRI,05/28/2014,49.77,50.45,49.66,50.18,651500.0,47.83,0.0,1.0
DRI,05/29/2014,50.46,50.46,49.77,49.88,678500.0,47.54,0.0,1.0
DRI,05/30/2014,49.8,50.16,49.6,50.12,859000.0,47.77,0.0,1.0
DRI,06/02/2014,50.16,50.69,49.92,50.64,907400.0,48.27,0.0,1.0
DRI,06/03/2014,50.44,50.44,49.76,50.24,1040200.0,47.89,0.0,1.0
DRI,06/04/2014,50.12,50.2,49.79,50.09,835300.0,47.75,0.0,1.0
DRI,06/05/2014,50.17,50.94,49.91,50.71,700300.0,48.34,0.0,1.0
DRI,06/06/2014,50.8,51.2,50.65,51.09,666000.0,48.7,0.0,1.0
DRI,06/09/2014,51.06,51.21,50.81,50.91,767500.0,48.53,0.0,1.0
DRI,06/10/2014,50.79,50.91,49.91,50.36,990000.0,48.0,0.0,1.0
DRI,06/11/2014,50.29,50.49,50.1,50.39,564600.0,48.03,0.0,1.0
DRI,06/12/2014,50.2,50.34,48.99,49.33,1290500.0,47.02,0.0,1.0
DRI,06/13/2014,49.33,49.79,49.14,49.68,716800.0,47.35,0.0,1.0
DRI,06/16/2014,49.54,50.14,49.47,49.96,765800.0,47.62,0.0,1.0
DRI,06/17/2014,49.85,49.94,49.4,49.59,767400.0,47.27,0.0,1.0
DRI,06/18/2014,49.35,49.77,49.07,49.72,736900.0,47.39,0.0,1.0
DRI,06/19/2014,49.89,50.17,49.29,49.52,1447500.0,47.2,0.0,1.0
DRI,06/20/2014,47.53,48.53,47.28,47.58,5629600.0,45.35,0.0,1.0
DRI,06/23/2014,47.4,47.78,46.53,47.76,2395900.0,45.52,0.0,1.0
DRI,06/24/2014,47.53,47.53,46.71,46.77,1450300.0,44.58,0.0,1.0
DRI,06/25/2014,46.69,46.71,46.47,46.57,2320800.0,44.39,0.0,1.0
DRI,06/26/2014,46.56,46.98,46.3,46.89,1592700.0,44.69,0.0,1.0
DRI,06/27/2014,46.77,46.94,46.52,46.66,2287000.0,44.48,0.0,1.0
DRI,06/30/2014,46.64,46.77,46.11,46.27,1718900.0,44.1,0.0,1.0
DRI,07/01/2014,46.48,46.64,46.17,46.22,2046200.0,44.06,0.0,1.0
DRI,07/02/2014,46.1,46.35,46.05,46.26,1204900.0,44.09,0.0,1.0
DRI,07/03/2014,46.3,46.49,46.27,46.32,528300.0,44.15,0.0,1.0
DRI,07/07/2014,46.27,46.32,45.8,46.11,1708900.0,43.95,0.0,1.0
DRI,07/08/2014,45.5,45.58,45.21,45.35,1647500.0,43.75,0.55,1.0
DRI,07/09/2014,45.44,45.81,45.32,45.63,2182400.0,44.02,0.0,1.0
DRI,07/10/2014,45.16,45.35,44.66,44.76,1973500.0,43.18,0.0,1.0
DRI,07/11/2014,44.73,44.73,44.2,44.44,1786300.0,42.87,0.0,1.0
DRI,07/14/2014,44.58,44.67,44.26,44.37,1639300.0,42.81,0.0,1.0
DRI,07/15/2014,44.34,44.48,43.63,44.08,2465200.0,42.53,0.0,1.0
DRI,07/16/2014,44.13,44.26,43.79,43.89,1669700.0,42.34,0.0,1.0
DRI,07/17/2014,43.75,43.91,43.56,43.76,1641400.0,42.22,0.0,1.0
DRI,07/18/2014,43.78,44.62,43.75,44.38,1604800.0,42.82,0.0,1.0
DRI,07/21/2014,44.23,44.34,43.77,44.02,1814500.0,42.47,0.0,1.0
DRI,07/22/2014,44.28,44.45,44.06,44.22,1361400.0,42.66,0.0,1.0
DRI,07/23/2014,44.21,44.57,44.01,44.49,1731900.0,42.92,0.0,1.0
DRI,07/24/2014,44.46,45.41,44.25,45.29,1959200.0,43.69,0.0,1.0
DRI,07/25/2014,45.25,45.33,44.63,44.66,997100.0,43.09,0.0,1.0
DRI,07/28/2014,44.63,45.1,44.54,44.92,1315500.0,43.34,0.0,1.0
DRI,07/29/2014,46.31,46.99,46.14,46.88,4167700.0,45.23,0.0,1.0
DRI,07/30/2014,46.87,46.99,46.1,46.31,1916300.0,44.68,0.0,1.0
DRI,07/31/2014,46.74,46.9,46.31,46.75,3090700.0,45.1,0.0,1.0
DRI,08/01/2014,46.74,47.94,46.67,47.86,1645000.0,46.17,0.0,1.0
DRI,08/04/2014,46.74,47.94,46.67,47.86,2857100.0,46.17,0.0,1.0
DRI,08/05/2014,47.61,48.4,47.21,47.29,1853200.0,45.62,0.0,1.0
DRI,08/06/2014,46.87,47.41,46.86,46.92,1739600.0,45.27,0.0,1.0
DRI,08/07/2014,47.28,47.43,46.67,46.79,3785100.0,45.14,0.0,1.0
DRI,08/08/2014,46.71,47.32,46.71,47.21,1635400.0,45.55,0.0,1.0
DRI,08/11/2014,47.25,47.32,46.71,46.85,1749200.0,45.2,0.0,1.0
DRI,08/12/2014,46.33,46.68,46.09,46.36,1673400.0,44.73,0.0,1.0
DRI,08/13/2014,46.38,46.88,46.16,46.79,1355500.0,45.14,0.0,1.0
DRI,08/14/2014,46.82,47.42,46.76,47.09,883800.0,45.43,0.0,1.0
DRI,08/15/2014,47.23,47.27,46.03,46.37,1309800.0,44.74,0.0,1.0
DRI,08/18/2014,46.69,47.26,46.67,47.21,1280800.0,45.55,0.0,1.0
DRI,08/19/2014,47.37,47.72,47.28,47.53,741000.0,45.85,0.0,1.0
DRI,08/20/2014,47.41,47.98,47.27,47.43,1684900.0,45.76,0.0,1.0
DRI,08/21/2014,47.51,47.64,47.36,47.45,1041600.0,45.78,0.0,1.0
DRI,08/22/2014,47.54,47.71,47.43,47.57,1469100.0,45.89,0.0,1.0
DRI,08/25/2014,47.77,47.91,47.36,47.55,858900.0,45.87,0.0,1.0
DRI,08/26/2014,47.42,47.83,47.38,47.61,1203600.0,45.93,0.0,1.0
DRI,08/27/2014,47.75,47.78,47.42,47.45,1105600.0,45.78,0.0,1.0
DRI,08/28/2014,47.13,47.54,46.91,47.15,952600.0,45.49,0.0,1.0
DRI,08/29/2014,47.12,47.52,47.01,47.32,1324200.0,45.65,0.0,1.0
DRI,09/02/2014,47.31,48.93,47.31,47.75,2276600.0,46.07,0.0,1.0
DRI,09/03/2014,47.96,48.0,47.4,47.6,857300.0,45.92,0.0,1.0
DRI,09/04/2014,47.51,48.09,47.49,47.83,1596500.0,46.14,0.0,1.0
DRI,09/05/2014,47.81,48.08,47.59,48.07,1120300.0,46.38,0.0,1.0
DRI,09/08/2014,47.85,48.64,47.81,48.03,2421300.0,46.34,0.0,1.0
DRI,09/09/2014,48.03,48.14,47.61,47.78,1071700.0,46.1,0.0,1.0
DRI,09/10/2014,47.72,47.88,47.33,47.77,1034300.0,46.09,0.0,1.0
DRI,09/11/2014,47.77,48.36,47.55,48.29,1898500.0,46.59,0.0,1.0
DRI,09/12/2014,48.96,49.43,47.28,47.58,3593700.0,45.9,0.0,1.0
DRI,09/15/2014,48.06,49.95,47.82,49.94,4000100.0,48.18,0.0,1.0
DRI,09/16/2014,49.83,49.97,49.39,49.54,1749500.0,47.79,0.0,1.0
DRI,09/17/2014,49.51,49.99,49.5,49.79,1703500.0,48.03,0.0,1.0
DRI,09/18/2014,49.78,50.39,49.43,50.35,1643500.0,48.58,0.0,1.0
DRI,09/19/2014,50.76,51.35,50.73,51.19,2597600.0,49.39,0.0,1.0
DRI,09/22/2014,50.97,51.17,50.37,50.47,1370136.0,48.69,0.0,1.0
DRI,09/23/2014,50.54,50.62,50.05,50.35,1991404.0,48.58,0.0,1.0
DRI,09/24/2014,50.46,51.81,50.44,51.73,2560025.0,49.91,0.0,1.0
DRI,09/25/2014,51.55,51.72,51.21,51.28,1229736.0,49.47,0.0,1.0
DRI,09/26/2014,51.23,52.11,51.17,51.9,1596962.0,50.07,0.0,1.0
DRI,09/29/2014,51.61,52.11,51.44,52.0,1684858.0,50.17,0.0,1.0
DRI,09/30/2014,52.03,52.14,51.25,51.46,1713656.0,49.65,0.0,1.0
DRI,10/01/2014,51.32,51.44,50.67,50.95,2148030.0,49.15,0.0,1.0
DRI,10/02/2014,51.3,51.9,51.15,51.48,1842660.0,49.67,0.0,1.0
DRI,10/03/2014,51.88,51.99,51.58,51.59,1681834.0,49.77,0.0,1.0
DRI,10/06/2014,51.64,51.71,51.02,51.05,1831848.0,49.25,0.0,1.0
DRI,10/07/2014,50.7,50.94,50.05,50.07,2022609.0,48.3,0.0,1.0
DRI,10/08/2014,49.71,50.1,49.23,49.99,2129004.0,48.76,0.55,1.0
DRI,10/09/2014,49.62,50.29,49.17,49.27,1939811.0,48.06,0.0,1.0
DRI,10/10/2014,49.29,50.52,48.34,48.37,2849834.0,47.18,0.0,1.0
DRI,10/13/2014,48.02,48.02,47.06,47.08,3233004.0,45.92,0.0,1.0
DRI,10/14/2014,47.36,48.63,47.36,48.13,2099962.0,46.94,0.0,1.0
DRI,10/15/2014,47.16,48.49,46.7,48.24,2627930.0,47.05,0.0,1.0
DRI,10/16/2014,47.62,48.73,47.53,48.36,2129186.0,47.17,0.0,1.0
DRI,10/17/2014,48.63,49.21,48.32,48.68,1709063.0,47.48,0.0,1.0
DRI,10/20/2014,48.61,49.12,48.42,49.11,1313232.0,47.9,0.0,1.0
DRI,10/21/2014,49.03,49.6,48.63,49.42,1241176.0,48.2,0.0,1.0
DRI,10/22/2014,49.41,49.88,49.41,49.52,1176558.0,48.3,0.0,1.0
DRI,10/23/2014,50.0,50.6,49.81,50.3,2011719.0,49.06,0.0,1.0
DRI,10/24/2014,50.29,51.08,50.27,51.05,1781529.0,49.79,0.0,1.0
DRI,10/27/2014,51.02,51.56,51.02,51.42,2353865.0,50.15,0.0,1.0
DRI,10/28/2014,51.57,52.53,51.57,52.03,2432603.0,50.75,0.0,1.0
DRI,10/29/2014,51.86,51.98,50.44,50.94,4628261.0,49.68,0.0,1.0
DRI,10/30/2014,50.74,51.4,48.91,51.18,1343989.0,49.92,0.0,1.0
DRI,10/31/2014,51.77,51.81,51.45,51.78,1395676.0,50.5,0.0,1.0
DRI,11/03/2014,51.81,52.09,51.49,51.98,1209569.0,50.7,0.0,1.0
DRI,11/04/2014,52.0,52.78,51.99,52.73,1258161.0,51.43,0.0,1.0
DRI,11/05/2014,52.95,53.16,52.55,52.69,1302945.0,51.39,0.0,1.0
DRI,11/06/2014,52.5,53.23,52.44,53.1,1268558.0,51.79,0.0,1.0
DRI,11/07/2014,53.4,53.81,53.1,53.5,1495984.0,52.18,0.0,1.0
DRI,11/10/2014,53.41,54.32,53.23,54.31,1917193.0,52.97,0.0,1.0
DRI,11/11/2014,54.85,55.84,54.85,55.72,3773717.0,54.35,0.0,1.0
DRI,11/12/2014,55.58,56.66,55.54,56.36,2394154.0,54.97,0.0,1.0
DRI,11/13/2014,56.52,56.85,56.02,56.3,1812704.0,54.91,0.0,1.0
DRI,11/14/2014,56.31,56.68,55.83,55.9,1393910.0,54.52,0.0,1.0
DRI,11/17/2014,55.86,55.97,55.43,55.43,1279528.0,54.06,0.0,1.0
DRI,11/18/2014,55.42,55.69,55.32,55.57,1570724.0,54.2,0.0,1.0
DRI,11/19/2014,55.41,55.9,55.4,55.61,1212383.0,54.24,0.0,1.0
DRI,11/20/2014,55.36,56.09,55.36,55.79,1197011.0,54.42,0.0,1.0
DRI,11/21/2014,56.28,56.35,55.81,55.85,1070683.0,54.47,0.0,1.0
DRI,11/24/2014,56.0,56.41,55.84,56.36,1491325.0,54.97,0.0,1.0
DRI,11/25/2014,56.37,56.65,54.96,54.99,3017677.0,53.64,0.0,1.0
DRI,11/26/2014,55.07,55.9,54.99,55.86,916255.0,54.48,0.0,1.0
DRI,11/28/2014,56.23,57.21,56.17,56.99,682838.0,55.59,0.0,1.0
DRI,12/01/2014,56.89,57.95,56.8,57.52,1991413.0,56.1,0.0,1.0
DRI,12/02/2014,57.79,58.25,57.46,57.53,1157100.0,56.11,0.0,1.0
DRI,12/03/2014,57.27,58.28,57.17,58.11,1819495.0,56.68,0.0,1.0
DRI,12/04/2014,58.16,58.34,57.74,57.85,1045598.0,56.42,0.0,1.0
DRI,12/05/2014,57.93,58.55,57.93,58.52,743696.0,57.08,0.0,1.0
DRI,12/08/2014,58.45,58.9,58.15,58.57,1285261.0,57.13,0.0,1.0
DRI,12/09/2014,57.91,58.29,57.54,57.9,1279204.0,56.47,0.0,1.0
DRI,12/10/2014,57.74,58.8,57.47,57.5,1264583.0,56.08,0.0,1.0
DRI,12/11/2014,57.87,58.36,57.72,57.83,1636631.0,56.41,0.0,1.0
DRI,12/12/2014,57.58,58.29,57.18,57.38,1821670.0,55.97,0.0,1.0
DRI,12/15/2014,58.16,58.87,57.08,57.2,2562303.0,55.79,0.0,1.0
DRI,12/16/2014,56.98,57.1,55.82,55.91,2253880.0,54.53,0.0,1.0
DRI,12/17/2014,57.87,58.34,55.95,57.08,5111382.0,55.67,0.0,1.0
DRI,12/18/2014,57.5,57.73,57.13,57.72,1928600.0,56.3,0.0,1.0
DRI,12/19/2014,57.84,57.99,57.29,57.37,2688916.0,55.96,0.0,1.0
DRI,12/22/2014,57.55,58.73,57.55,58.63,1200363.0,57.19,0.0,1.0
DRI,12/23/2014,58.77,58.99,58.45,58.51,608986.0,57.07,0.0,1.0
DRI,12/24/2014,58.57,58.79,58.35,58.42,319717.0,56.98,0.0,1.0
DRI,12/26/2014,58.45,58.93,58.25,58.4,431733.0,56.96,0.0,1.0
DRI,12/29/2014,58.25,59.0,58.08,58.85,618123.0,57.4,0.0,1.0
DRI,12/30/2014,58.69,59.25,58.64,58.79,604812.0,57.34,0.0,1.0
